# Blender 4.2.0
# www.blender.org
mtllib untitled.mtl
o Pine_5
v 0.344985 0.051984 -0.170860
v 0.473914 -0.235089 -0.094267
v 0.449104 -0.235089 -0.044233
v 0.403124 -0.235089 -0.000000
v 0.467112 -0.235089 -0.141697
v 0.429060 -0.235089 -0.177722
v 0.204944 0.039797 -0.238869
v 0.307608 -0.235088 -0.205537
v 0.370436 -0.235088 -0.198002
v 0.255913 -0.235089 -0.210022
v 0.223766 -0.235089 -0.223766
v 0.136654 0.025774 -0.378603
v 0.205537 -0.235088 -0.307608
v 0.210022 -0.235088 -0.255913
v 0.198002 -0.235088 -0.370436
v 0.177722 -0.235088 -0.429060
v -0.010852 0.018684 -0.374438
v 0.094267 -0.235088 -0.473914
v 0.141697 -0.235088 -0.467112
v 0.044233 -0.235088 -0.449104
v -0.000000 -0.235088 -0.403125
v -0.133062 0.016918 -0.316789
v -0.063024 -0.235088 -0.316843
v -0.034793 -0.235088 -0.353263
v -0.092345 -0.235088 -0.304420
v -0.130816 -0.235088 -0.315817
v -0.293197 0.009862 -0.303801
v -0.242391 -0.235088 -0.362764
v -0.182061 -0.235088 -0.340612
v -0.301457 -0.235089 -0.367326
v -0.346338 -0.235089 -0.346338
v -0.306011 0.021341 -0.143908
v -0.362764 -0.235089 -0.242391
v -0.367326 -0.235089 -0.301457
v -0.340612 -0.235089 -0.182061
v -0.315817 -0.235089 -0.130816
v -0.363604 0.027705 -0.021824
v -0.316843 -0.235089 -0.063024
v -0.304420 -0.235089 -0.092345
v -0.353263 -0.235089 -0.034793
v -0.403124 -0.235089 -0.000000
v -0.367596 0.038670 0.125450
v -0.473914 -0.235089 0.094267
v -0.449104 -0.235089 0.044233
v -0.467112 -0.235089 0.141697
v -0.429060 -0.235089 0.177722
v -0.227554 0.050857 0.193459
v -0.307608 -0.235089 0.205537
v -0.370436 -0.235089 0.198002
v -0.255913 -0.235089 0.210022
v -0.223766 -0.235089 0.223766
v -0.159265 0.064880 0.333192
v -0.205537 -0.235089 0.307608
v -0.210022 -0.235089 0.255912
v -0.198002 -0.235089 0.370436
v -0.177722 -0.235089 0.429059
v -0.011758 0.071970 0.329027
v -0.094267 -0.235089 0.473914
v -0.141697 -0.235089 0.467112
v -0.044233 -0.235089 0.449104
v 0.000000 -0.235089 0.403124
v 0.110452 0.073736 0.271378
v 0.063024 -0.235089 0.316843
v 0.034793 -0.235089 0.353263
v 0.092345 -0.235089 0.304420
v 0.130816 -0.235089 0.315817
v 0.270587 0.080791 0.258390
v 0.242391 -0.235089 0.362764
v 0.182061 -0.235089 0.340612
v 0.301457 -0.235089 0.367326
v 0.346338 -0.235089 0.346338
v 0.283400 0.069313 0.098497
v 0.362764 -0.235089 0.242391
v 0.367326 -0.235089 0.301457
v 0.340612 -0.235089 0.182061
v 0.315817 -0.235089 0.130816
v 0.340994 0.062949 -0.023586
v 0.316843 -0.235089 0.063024
v 0.304420 -0.235089 0.092345
v 0.353263 -0.235089 0.034793
v 0.276284 0.336209 -0.072831
v 0.267538 0.309491 -0.189412
v 0.176687 0.290438 -0.265358
v 0.100036 0.268548 -0.354968
v -0.019373 0.263941 -0.365055
v -0.128493 0.269629 -0.330806
v -0.244912 0.275652 -0.294466
v -0.283725 0.300645 -0.181421
v -0.320296 0.324066 -0.075466
v -0.311549 0.350784 0.041115
v -0.220699 0.369836 0.117062
v -0.144048 0.391726 0.206672
v -0.024638 0.396333 0.216758
v 0.084482 0.390646 0.182510
v 0.200900 0.384622 0.146169
v 0.239714 0.359630 0.033124
v 0.259153 0.582017 -0.142164
v 0.246084 0.555290 -0.240916
v 0.178913 0.542520 -0.317016
v 0.104164 0.532792 -0.386183
v 0.003007 0.541412 -0.404351
v -0.093808 0.560509 -0.384178
v -0.186585 0.584384 -0.345544
v -0.231653 0.615822 -0.258076
v -0.257899 0.646107 -0.165670
v -0.244831 0.672834 -0.066919
v -0.177659 0.685603 0.009181
v -0.102910 0.695332 0.078349
v -0.001754 0.686712 0.096516
v 0.095062 0.667615 0.076344
v 0.187838 0.643740 0.037710
v 0.232906 0.612302 -0.049758
v 0.294951 0.899260 -0.309423
v 0.238382 0.895728 -0.384970
v 0.168058 0.898275 -0.447962
v 0.076841 0.915191 -0.468995
v -0.012326 0.939712 -0.453961
v -0.094547 0.967846 -0.415484
v -0.140277 0.996262 -0.337167
v -0.163237 1.021297 -0.249852
v -0.150396 1.039020 -0.157277
v -0.093827 1.042553 -0.081730
v -0.023503 1.040005 -0.018738
v 0.067714 1.023089 0.002295
v 0.156881 0.998568 -0.012739
v 0.239102 0.970435 -0.051216
v 0.284832 0.942019 -0.129532
v 0.307792 0.916984 -0.216848
v 0.363092 1.233044 -0.247621
v 0.353693 1.232186 -0.333000
v 0.308586 1.240146 -0.405200
v 0.244945 1.253031 -0.460831
v 0.163713 1.271260 -0.481986
v 0.081676 1.290872 -0.469776
v 0.007485 1.309600 -0.431001
v -0.040076 1.323223 -0.360923
v -0.063032 1.331510 -0.279265
v -0.053634 1.332368 -0.193887
v -0.008526 1.324407 -0.121686
v 0.055115 1.311523 -0.066055
v 0.136347 1.293293 -0.044900
v 0.218384 1.273682 -0.057110
v 0.292575 1.254954 -0.095886
v 0.340136 1.241330 -0.165963
v 0.377484 1.608041 -0.312593
v 0.337733 1.612750 -0.380165
v 0.277488 1.617154 -0.430360
v 0.201606 1.620480 -0.451125
v 0.123815 1.622264 -0.441321
v 0.054143 1.622409 -0.404788
v 0.006731 1.620525 -0.342039
v -0.015612 1.617255 -0.266933
v -0.007462 1.612923 -0.188734
v 0.032289 1.608214 -0.121162
v 0.092534 1.603810 -0.070967
v 0.168417 1.600484 -0.050202
v 0.246208 1.598701 -0.060005
v 0.315879 1.598556 -0.096539
v 0.363292 1.600439 -0.159288
v 0.385634 1.603709 -0.234393
v 0.333304 2.040403 -0.322744
v 0.296588 2.033859 -0.387318
v 0.239538 2.025188 -0.434549
v 0.168235 2.015450 -0.454572
v 0.094848 2.006261 -0.445565
v 0.029461 1.998841 -0.410322
v -0.015854 1.994678 -0.351147
v -0.036843 1.993992 -0.279661
v -0.029098 1.997080 -0.205430
v 0.007618 2.003624 -0.140856
v 0.064668 2.012295 -0.093625
v 0.135971 2.022034 -0.073602
v 0.209357 2.031223 -0.082609
v 0.274745 2.038643 -0.117851
v 0.320060 2.042806 -0.177027
v 0.341049 2.043492 -0.248513
v 0.222741 2.353437 -0.451367
v 0.107686 2.310677 -0.509476
v -0.021528 2.297684 -0.468909
v -0.088485 2.322339 -0.353066
v -0.054177 2.369900 -0.230576
v 0.060879 2.412660 -0.172467
v 0.190093 2.425653 -0.213035
v 0.257050 2.400998 -0.328878
v 0.230226 2.690499 -0.482019
v 0.201826 2.628857 -0.588824
v 0.094826 2.599432 -0.649642
v -0.028479 2.619523 -0.628781
v -0.095524 2.677453 -0.538271
v -0.067124 2.739093 -0.431466
v 0.039876 2.768519 -0.370648
v 0.163181 2.748428 -0.391509
v 0.290497 2.998654 -0.767299
v 0.193082 2.993154 -0.838483
v 0.079871 3.034887 -0.831762
v 0.017371 3.099419 -0.750934
v 0.042145 3.148849 -0.643558
v 0.139560 3.154350 -0.572374
v 0.252771 3.112616 -0.579095
v 0.315271 3.048084 -0.659922
v 0.449965 3.369104 -0.737055
v 0.442842 3.362470 -0.849221
v 0.365530 3.390935 -0.925959
v 0.263222 3.437869 -0.922312
v 0.195922 3.475753 -0.840346
v 0.203045 3.482388 -0.728180
v 0.280357 3.453922 -0.651442
v 0.382665 3.406987 -0.655088
v 0.562709 3.874365 -0.763726
v 0.492393 3.899503 -0.837329
v 0.388183 3.910988 -0.839478
v 0.311154 3.902083 -0.768883
v 0.306432 3.878015 -0.666943
v 0.376748 3.852878 -0.593341
v 0.480958 3.841392 -0.591191
v 0.557986 3.850297 -0.661786
v 0.468531 4.290365 -0.593454
v 0.474454 4.310118 -0.691207
v 0.409826 4.309840 -0.767391
v 0.312479 4.289691 -0.777381
v 0.239453 4.261474 -0.715305
v 0.233529 4.241721 -0.617552
v 0.298158 4.241998 -0.541369
v 0.395505 4.262146 -0.531379
v 0.279151 4.723361 -0.643788
v 0.297551 4.705287 -0.732902
v 0.252251 4.663086 -0.801993
v 0.169778 4.621476 -0.810591
v 0.098449 4.604835 -0.753650
v 0.080049 4.622910 -0.664536
v 0.125348 4.665111 -0.595444
v 0.207821 4.706720 -0.586847
v 0.189954 5.065346 -0.873601
v 0.218525 5.015772 -0.937748
v 0.181420 4.967310 -0.998274
v 0.100369 4.948349 -1.019725
v 0.022853 4.969998 -0.989532
v -0.005718 5.019572 -0.925386
v 0.031387 5.068034 -0.864860
v 0.112438 5.086994 -0.843409
v 0.309614 5.379766 -1.227988
v 0.169661 5.427783 -1.256838
v 0.170561 5.507339 -1.128796
v 0.310514 5.459322 -1.099946
v 0.516498 5.790681 -1.126900
v 0.557554 5.790602 -1.259778
v 0.445105 5.864677 -1.294565
v 0.404049 5.864755 -1.161688
v 0.624423 6.255129 -1.009892
v 0.511155 6.273265 -1.066537
v 0.453974 6.206533 -0.973562
v 0.567242 6.188399 -0.916917
v 0.376941 6.737933 -0.855434
v 0.296921 6.703342 -0.939053
v 0.239186 6.636906 -0.856322
v 0.319205 6.671495 -0.772702
v 0.097819 7.093403 -1.013924
v 0.062174 7.014944 -1.083120
v -0.031618 7.006534 -1.025269
v 0.004027 7.084994 -0.956073
v 0.182244 7.383242 -1.324316
v 0.152576 7.331598 -1.405577
v 0.069633 7.388491 -1.411452
v 0.099301 7.440135 -1.330190
v 0.484449 7.781459 -1.389590
v 0.497604 7.769694 -1.482446
v 0.433228 7.836625 -1.500046
v 0.420073 7.848388 -1.407189
v 0.600487 8.197362 -1.140145
v 0.647256 8.242596 -1.195743
v 0.576145 8.263565 -1.238501
v 0.529376 8.218331 -1.182903
v 0.551912 8.301546 -1.088867
v 0.591810 8.332257 -1.132536
v 0.575352 8.287473 -1.179068
v 0.535455 8.256761 -1.135400
v 0.547502 8.311577 -1.132042
v 0.530471 8.438408 -1.141603
v 0.562538 8.474216 -1.210691
v 0.580052 8.338124 -1.100901
v 0.627341 8.390933 -1.202789
v 0.555039 8.459873 -1.233986
v 0.603779 8.345875 -1.275971
v 0.604873 8.180529 -0.958389
v 0.713771 8.302131 -1.193014
v 0.659553 8.198443 -1.361416
v 0.829598 8.216715 -1.181067
v 0.720696 8.095115 -0.946442
v 0.746563 8.057907 -1.438983
v 0.957187 8.147684 -1.168766
v 0.888162 8.070615 -1.020060
v 0.915651 8.068240 -1.297790
v 1.077116 8.105552 -1.157985
v 1.035137 8.058682 -1.067550
v 1.042913 8.040132 -1.264231
v 1.237283 8.067250 -1.143955
v 0.374266 8.442054 -1.179095
v 0.479152 8.488719 -1.170569
v 0.342925 8.304657 -1.097542
v 0.497604 8.373479 -1.084972
v 0.504987 8.468768 -1.191536
v 0.578768 8.310802 -1.150845
v 0.167651 8.091746 -0.999801
v 0.523842 8.250220 -0.970851
v 0.710612 8.105993 -1.122433
v 0.561458 8.130941 -0.817981
v 0.205266 7.972470 -0.846935
v 0.847508 7.910046 -1.050133
v 0.604726 8.033796 -0.649634
v 0.378969 7.933358 -0.667988
v 0.747824 7.923289 -0.765767
v 0.647058 7.973575 -0.491440
v 0.509764 7.912494 -0.502604
v 0.764895 7.882576 -0.587069
v 0.705115 7.917726 -0.279485
v 0.397358 8.389591 -1.305876
v 0.472938 8.414090 -1.183363
v 0.256325 8.238702 -1.306945
v 0.367791 8.274839 -1.126272
v 0.507330 8.379536 -1.176655
v 0.475840 8.166282 -1.105199
v -0.020164 8.042658 -1.458162
v 0.236512 8.125870 -1.042110
v 0.485145 7.876061 -0.993618
v 0.074092 7.981649 -0.917235
v -0.182579 7.898441 -1.333291
v 0.454880 7.599050 -0.842964
v -0.094742 7.864130 -0.770660
v -0.257419 7.811396 -1.034361
v 0.095747 7.672732 -0.733503
v -0.244288 7.791208 -0.624697
v -0.343218 7.759139 -0.785068
v -0.087429 7.633597 -0.594098
v -0.437375 7.723489 -0.422553
v 0.543818 8.338296 -1.352518
v 0.461927 8.388172 -1.217858
v 0.465283 8.151322 -1.468909
v 0.344520 8.224884 -1.270316
v 0.472186 8.354525 -1.174654
v 0.376752 8.119182 -1.134585
v 0.463985 7.880861 -1.790447
v 0.185891 8.050247 -1.333137
v 0.260059 7.807005 -1.020801
v -0.029764 7.881263 -1.406552
v 0.248336 7.711881 -1.863861
v 0.083822 7.508721 -0.928196
v -0.269613 7.743654 -1.479385
v -0.093347 7.636302 -1.769228
v -0.212795 7.557287 -1.240086
v -0.497142 7.658375 -1.540548
v -0.389943 7.593089 -1.716815
v -0.450356 7.504906 -1.343494
v -0.803709 7.579310 -1.616678
v 0.662001 8.249994 -1.284102
v 0.515130 8.300769 -1.349599
v 0.762963 8.051433 -1.369411
v 0.546364 8.126319 -1.465999
v 0.472245 8.268518 -1.330862
v 0.411635 8.025004 -1.407132
v 1.080364 7.765264 -1.402372
v 0.581587 7.937704 -1.624795
v 0.271559 7.704561 -1.489338
v 0.619089 7.751353 -1.842955
v 1.117865 7.578920 -1.620526
v 0.144265 7.394279 -1.635502
v 0.653161 7.595639 -2.087265
v 0.969287 7.486352 -1.946284
v 0.415628 7.417008 -1.983489
v 0.678615 7.494267 -2.320532
v 0.870866 7.427806 -2.234792
v 0.483015 7.347170 -2.235079
v 0.707472 7.394381 -2.636023
v 0.624419 8.091593 -1.173048
v 0.565094 8.147034 -1.324651
v 0.765702 7.893631 -1.168172
v 0.678209 7.975398 -1.391747
v 0.521975 8.113295 -1.343673
v 0.542742 7.869404 -1.451504
v 1.026939 7.603264 -0.971922
v 0.825467 7.791548 -1.486766
v 0.513743 7.547635 -1.624278
v 1.017373 7.613110 -1.622443
v 1.218839 7.424832 -1.107595
v 0.539956 7.239540 -1.833053
v 1.224709 7.467252 -1.778122
v 1.352396 7.347923 -1.451806
v 0.985882 7.280369 -1.883483
v 1.415912 7.376177 -1.930102
v 1.493563 7.303607 -1.731652
v 1.219249 7.222284 -2.016865
v 1.669193 7.290913 -2.138280
v 0.545574 8.002307 -1.072753
v 0.603507 8.065624 -1.225665
v 0.633528 7.784554 -0.992976
v 0.718960 7.877942 -1.218483
v 0.579146 8.036770 -1.271122
v 0.642422 7.787293 -1.361294
v 0.681290 7.458632 -0.692760
v 0.878025 7.673673 -1.212051
v 0.701905 7.465076 -1.540677
v 1.098854 7.469362 -1.208174
v 0.902112 7.254327 -0.688884
v 0.829124 7.149881 -1.711483
v 1.347827 7.296114 -1.207444
v 1.223126 7.159826 -0.878314
v 1.212896 7.136288 -1.459227
v 1.587040 7.180303 -1.209971
v 1.511201 7.097422 -1.009812
v 1.475932 7.048690 -1.417305
v 1.910673 7.062792 -1.215372
v 0.391268 7.988925 -1.406396
v 0.554053 8.009375 -1.477412
v 0.356491 7.811066 -1.230228
v 0.596248 7.839674 -1.334781
v 0.566267 7.965168 -1.516485
v 0.634889 7.701354 -1.457548
v 0.109467 7.595603 -0.919760
v 0.658993 7.651730 -1.159022
v 0.746080 7.332971 -1.443890
v 0.753933 7.458421 -0.944882
v 0.206748 7.414447 -0.708494
v 0.893440 6.978802 -1.380167
v 0.876839 7.293916 -0.717977
v 0.527762 7.272368 -0.572240
v 0.939715 7.049407 -0.941154
v 1.014822 7.186410 -0.509141
v 0.802428 7.173914 -0.420765
v 1.067047 6.987246 -0.693072
v 1.213133 7.077976 -0.235506
v 0.358935 7.917323 -1.470400
v 0.540202 7.930800 -1.464199
v 0.242760 7.743371 -1.320660
v 0.510084 7.763254 -1.311520
v 0.566715 7.884259 -1.494000
v 0.593380 7.617045 -1.405150
v -0.126871 7.538095 -1.133784
v 0.488712 7.583873 -1.112731
v 0.680387 7.247424 -1.328182
v 0.488410 7.409946 -0.853634
v -0.127172 7.364172 -0.874695
v 0.781971 6.894649 -1.183601
v 0.509225 7.267946 -0.573674
v 0.119065 7.238937 -0.587028
v 0.656081 7.010164 -0.738737
v 0.547988 7.179497 -0.315472
v 0.310712 7.161855 -0.323596
v 0.668918 6.967220 -0.451393
v 0.614456 7.097122 0.025641
v 0.304685 7.848494 -1.483795
v 0.474330 7.862036 -1.388525
v 0.119586 7.662332 -1.399021
v 0.369756 7.682390 -1.258491
v 0.514090 7.812035 -1.404008
v 0.492634 7.534800 -1.302948
v -0.325339 7.443790 -1.403873
v 0.248020 7.502650 -1.074664
v 0.520832 7.209356 -1.156514
v 0.117012 7.326923 -0.823722
v -0.453953 7.256935 -1.157852
v 0.534085 6.881202 -0.947535
v 0.001095 7.161366 -0.552958
v -0.361645 7.121026 -0.762964
v 0.210038 6.936983 -0.615513
v -0.087147 7.054782 -0.293177
v -0.309208 7.037058 -0.417890
v 0.091210 6.840654 -0.357641
v -0.191920 6.965466 0.065486
v 0.251163 7.773864 -1.489135
v 0.366717 7.791111 -1.329754
v 0.049004 7.580830 -1.488159
v 0.219422 7.606271 -1.253115
v 0.410958 7.741411 -1.326866
v 0.358414 7.450136 -1.244044
v -0.353690 7.349410 -1.679389
v 0.038736 7.407991 -1.138134
v 0.358574 7.048697 -1.117257
v -0.179632 7.215008 -0.964798
v -0.572052 7.156435 -1.506058
v 0.310209 6.664724 -0.932818
v -0.402438 7.056703 -0.759497
v -0.651152 7.019581 -1.102554
v -0.157396 6.781416 -0.743496
v -0.595763 6.957175 -0.553485
v -0.747016 6.934602 -0.762117
v -0.393981 6.730486 -0.540307
v -0.841961 6.863181 -0.266996
v 0.175916 7.654171 -1.525516
v 0.256827 7.691623 -1.346218
v -0.014999 7.448283 -1.546780
v 0.105194 7.500699 -1.283630
v 0.302775 7.644866 -1.330184
v 0.249584 7.353706 -1.233310
v -0.365939 7.184262 -1.790876
v -0.087452 7.299355 -1.187418
v 0.245598 6.958501 -1.072787
v -0.329492 7.104421 -1.041727
v -0.609039 6.992827 -1.643620
v 0.180772 6.581771 -0.866433
v -0.582957 6.941924 -0.870382
v -0.760061 6.870966 -1.251972
v -0.327727 6.680554 -0.782646
v -0.810547 6.840799 -0.697579
v -0.917066 6.793781 -0.931382
v -0.600976 6.627530 -0.624449
v -1.108072 6.749991 -0.455074
v 0.177756 7.566337 -1.521410
v 0.162518 7.595646 -1.321249
v 0.017964 7.361516 -1.643286
v -0.004501 7.404745 -1.348098
v 0.195028 7.546386 -1.286736
v 0.097638 7.249995 -1.239668
v -0.171439 7.101198 -2.046068
v -0.223178 7.200738 -1.366320
v 0.011854 6.844632 -1.116807
v -0.510076 7.003635 -1.364224
v -0.458328 6.904102 -2.043972
v -0.150121 6.458235 -0.982081
v -0.821517 6.843447 -1.342129
v -0.788713 6.780364 -1.772957
v -0.641452 6.570605 -1.150960
v -1.110089 6.744556 -1.303399
v -1.090136 6.706195 -1.565406
v -0.961814 6.519879 -1.145977
v -1.493460 6.653341 -1.237142
v 0.211583 7.477958 -1.448231
v 0.082887 7.509139 -1.290179
v 0.149283 7.267416 -1.640192
v -0.040507 7.313404 -1.407102
v 0.090217 7.459634 -1.241965
v -0.017475 7.157885 -1.255627
v 0.225038 6.998051 -2.083318
v -0.212009 7.103949 -1.546570
v -0.159012 6.746071 -1.198009
v -0.452286 6.901047 -1.708634
v -0.015232 6.795156 -2.245376
v -0.371126 6.352933 -1.174799
v -0.724759 6.735591 -1.868622
v -0.447747 6.668480 -2.208809
v -0.684162 6.461392 -1.601570
v -0.987946 6.632770 -2.002176
v -0.819479 6.591957 -2.209059
v -0.954519 6.406974 -1.782270
v -1.344571 6.537558 -2.166907
v 0.300176 7.353273 -1.383748
v 0.113661 7.404403 -1.300889
v 0.314790 7.123089 -1.571809
v 0.039731 7.198501 -1.449607
v 0.094977 7.358540 -1.250140
v -0.018969 7.054418 -1.290168
v 0.564510 6.804438 -1.921207
v -0.068891 6.978085 -1.639812
v -0.203968 6.646527 -1.272924
v -0.229559 6.764428 -1.882427
v 0.403846 6.590788 -2.163815
v -0.436442 6.256623 -1.320527
v -0.417814 6.590053 -2.140517
v -0.016355 6.480001 -2.318857
v -0.521311 6.336018 -1.859427
v -0.604996 6.481509 -2.374790
v -0.360847 6.414584 -2.483245
v -0.690224 6.272319 -2.143325
v -0.864008 6.380298 -2.682082
v 0.164879 7.314533 -1.084673
v 0.016296 7.368449 -1.229849
v 0.343818 7.075844 -1.140887
v 0.124692 7.155364 -1.354981
v -0.039724 7.322742 -1.227797
v -0.051308 7.011775 -1.348529
v 0.763383 6.743512 -1.035639
v 0.258790 6.926618 -1.528653
v -0.146206 6.596193 -1.513812
v 0.422709 6.703678 -1.771617
v 0.927297 6.520576 -1.278595
v -0.197560 6.197605 -1.748893
v 0.591493 6.520481 -2.046882
v 0.911301 6.404433 -1.734397
v 0.281203 6.267311 -2.035518
v 0.739447 6.404917 -2.312542
v 0.933936 6.334345 -2.122503
v 0.483935 6.196441 -2.303188
v 0.929167 6.295318 -2.674079
v 0.083924 7.212284 -1.022809
v 0.066421 7.232953 -1.239994
v 0.272971 6.995234 -0.908839
v 0.247151 7.025723 -1.229133
v 0.025466 7.178627 -1.268494
v 0.118481 6.855053 -1.318672
v 0.540778 6.732791 -0.497907
v 0.481329 6.802992 -1.235469
v 0.185246 6.410253 -1.441511
v 0.784799 6.585405 -1.275351
v 0.844239 6.515210 -0.537788
v 0.331341 5.983897 -1.590917
v 1.111361 6.406086 -1.342707
v 1.149028 6.361601 -0.875235
v 0.884520 6.105176 -1.500572
v 1.411298 6.292337 -1.427284
v 1.434202 6.265284 -1.142991
v 1.224506 6.044546 -1.557281
v 1.806623 6.183920 -1.556503
v -0.045910 7.194341 -0.946538
v 0.065839 7.231812 -1.136053
v 0.052788 6.963264 -0.755458
v 0.217583 7.018531 -1.034949
v 0.050260 7.179098 -1.187395
v 0.168637 6.852931 -1.196249
v 0.045038 6.663002 -0.274261
v 0.424530 6.790263 -0.917858
v 0.311902 6.409190 -1.289030
v 0.708739 6.569075 -0.787711
v 0.329238 6.441822 -0.144119
v 0.536251 5.985435 -1.356176
v 1.026941 6.388641 -0.664323
v 0.786405 6.307991 -0.256413
v 0.940657 6.096668 -0.948699
v 1.330693 6.276429 -0.566477
v 1.184408 6.227383 -0.318408
v 1.259645 6.035999 -0.800649
v 1.741463 6.171922 -0.449849
v -0.050006 7.110907 -0.921251
v 0.135490 7.167691 -1.040413
v -0.032949 6.861835 -0.717847
v 0.240606 6.945586 -0.893587
v 0.147528 7.118183 -1.097784
v 0.278425 6.790058 -1.073831
v -0.240195 6.515235 -0.303400
v 0.389742 6.708085 -0.708082
v 0.476772 6.350190 -1.122844
v 0.603081 6.478350 -0.475046
v -0.026862 6.285507 -0.070371
v 0.736378 5.930205 -1.110267
v 0.848144 6.291354 -0.229954
v 0.448878 6.169133 0.026527
v 0.914830 6.017140 -0.547723
v 1.087621 6.175566 -0.010121
v 0.844805 6.101240 0.145855
v 1.142538 5.949760 -0.271790
v 1.415833 6.068341 0.276046
v 0.012410 7.060352 -0.980650
v 0.242174 7.086895 -0.969273
v -0.129068 6.831997 -0.793230
v 0.209777 6.871150 -0.776460
v 0.278879 7.029269 -1.006994
v 0.325095 6.690113 -0.894970
v -0.592010 6.550344 -0.563476
v 0.188271 6.640497 -0.524850
v 0.453631 6.223902 -0.797553
v 0.192166 6.417469 -0.196033
v -0.588114 6.327324 -0.234669
v 0.598580 5.779426 -0.613682
v 0.220872 6.236024 0.159931
v -0.273675 6.178891 0.135437
v 0.424182 5.916836 -0.048995
v 0.270017 6.123781 0.488851
v -0.030742 6.089038 0.473952
v 0.437437 5.860940 0.316812
v 0.352554 6.020153 0.923882
v 0.054320 6.964946 -0.991418
v 0.261905 7.019236 -0.892734
v -0.121540 6.710380 -0.865474
v 0.184597 6.790452 -0.719947
v 0.317940 6.966628 -0.913419
v 0.360642 6.625183 -0.784935
v -0.608138 6.361533 -0.822346
v 0.096822 6.545914 -0.487223
v 0.501922 6.165602 -0.636765
v 0.002308 6.309563 -0.171919
v -0.702649 6.125190 -0.507052
v 0.622738 5.727088 -0.400942
v -0.084556 6.117380 0.177961
v -0.531360 6.000527 -0.034454
v 0.225816 5.825991 0.063396
v -0.150545 5.998625 0.509153
v -0.422268 5.927563 0.379969
v 0.105035 5.758676 0.414817
v -0.226461 5.888948 0.954826
v -0.024885 6.681973 -1.071065
v 0.112560 6.709352 -0.744757
v 0.270852 6.515574 -0.695759
v -0.455360 6.409804 -1.410517
v -0.138865 6.472846 -0.659104
v 0.225383 6.026934 -0.546351
v -0.451073 6.243964 -0.514682
v -0.767559 6.180931 -1.266099
v 0.106782 5.561017 -0.341991
v -0.776535 6.057551 -0.333480
v -0.977119 6.017603 -0.809735
v -0.497470 5.715900 -0.247088
v -1.065701 5.941985 -0.143082
v -1.187683 5.917693 -0.432719
v -0.835904 5.660646 -0.071939
v -1.439815 5.834796 0.128106
v 0.353226 6.820714 -1.006402
v 0.314855 6.845306 -0.765529
v 0.173797 6.580031 -1.179931
v 0.117217 6.616307 -0.824702
v 0.350792 6.783978 -0.723417
v 0.230126 6.423642 -0.692401
v -0.013133 6.287495 -1.697347
v -0.143432 6.371023 -0.879338
v 0.116382 5.927668 -0.574898
v -0.488289 6.132984 -0.915945
v -0.357980 6.049464 -1.733952
v -0.090381 5.453954 -0.449680
v -0.864854 5.938429 -0.928949
v -0.782256 5.885497 -1.447406
v -0.665803 5.598738 -0.695697
v -1.215798 5.816977 -0.916370
v -1.165562 5.784789 -1.231670
v -1.051890 5.537251 -0.724296
v -1.683679 5.703310 -0.879693
v 0.480454 6.705353 -1.023234
v 0.324706 6.737947 -0.832474
v 0.407689 6.455976 -1.259829
v 0.178006 6.504053 -0.978501
v 0.333814 6.677190 -0.775598
v 0.206622 6.313185 -0.799813
v 0.502439 6.143089 -1.799994
v -0.026475 6.253789 -1.152166
v 0.039370 5.814569 -0.740983
v -0.313803 6.011412 -1.353091
v 0.215119 5.900718 -2.000912
v -0.212966 5.338716 -0.723349
v -0.640235 5.813818 -1.550687
v -0.304996 5.743665 -1.961276
v -0.589796 5.477295 -1.235658
v -0.956076 5.691092 -1.714872
v -0.752197 5.648429 -1.964570
v -0.914545 5.413975 -1.455459
v -1.386523 5.576982 -1.917673
v 0.592932 6.587776 -0.996481
v 0.363339 6.631165 -0.902893
v 0.634042 6.325935 -1.234183
v 0.295453 6.389933 -1.096157
v 0.342079 6.572041 -0.845898
v 0.228666 6.204192 -0.917095
v 0.968581 5.984311 -1.659224
v 0.188885 6.131676 -1.341389
v 0.035197 5.704257 -0.929348
v 0.021911 5.881290 -1.651140
v 0.801612 5.733934 -1.968964
v -0.213475 5.226665 -1.020086
v -0.180049 5.676892 -1.978252
v 0.314133 5.583501 -2.179685
v -0.297806 5.349410 -1.662568
v -0.386250 5.549602 -2.272925
v -0.085711 5.492807 -2.395423
v -0.483220 5.279930 -2.012974
v -0.674266 5.431409 -2.655736
v 0.624588 6.464349 -0.862379
v 0.416128 6.525507 -0.995984
v 0.822081 6.181923 -0.969009
v 0.514651 6.272126 -1.166037
v 0.351963 6.470661 -0.979761
v 0.313067 6.099829 -1.115064
v 1.339526 5.792201 -0.944925
v 0.631589 5.999906 -1.398642
v 0.167720 5.603423 -1.281348
v 0.766494 5.734187 -1.719102
v 1.474426 5.526491 -1.265376
v 0.056058 5.126944 -1.539471
v 0.898825 5.515422 -2.078632
v 1.347514 5.383788 -1.791051
v 0.543428 5.211642 -1.988776
v 1.008438 5.376916 -2.422496
v 1.281306 5.296865 -2.247600
v 0.715782 5.126763 -2.348506
v 1.143520 5.244955 -2.888029
v 0.530638 6.349070 -0.824327
v 0.510804 6.419209 -1.072211
v 0.737790 6.060130 -0.739672
v 0.708532 6.163577 -1.105238
v 0.458455 6.365023 -1.115873
v 0.544067 5.993351 -1.242405
v 1.035402 5.651471 -0.320499
v 0.968033 5.889678 -1.162312
v 0.589583 5.497957 -1.477955
v 1.309442 5.623702 -1.258440
v 1.376800 5.385505 -0.416624
v 0.729835 5.023752 -1.741866
v 1.680781 5.406140 -1.378985
v 1.723467 5.255174 -0.845435
v 1.390835 5.106010 -1.620823
v 2.025519 5.270116 -1.505597
v 2.051474 5.178308 -1.181118
v 1.786762 5.022967 -1.704744
v 2.484049 5.142560 -1.685897
v 0.403027 6.281996 -0.976215
v 0.595353 6.326093 -1.149521
v 0.445399 6.008565 -0.728374
v 0.729026 6.073607 -0.983963
v 0.595614 6.264396 -1.212980
v 0.729844 5.879782 -1.183334
v 0.265853 5.653255 -0.192585
v 0.918986 5.803021 -0.781140
v 0.920873 5.356998 -1.239915
v 1.191159 5.540156 -0.536452
v 0.538019 5.390399 0.052095
v 1.194056 4.857042 -1.239084
v 1.504109 5.325032 -0.287151
v 1.090139 5.230120 0.085869
v 1.505563 4.983296 -0.638642
v 1.810192 5.190397 -0.071189
v 1.558433 5.132678 0.155660
v 1.811392 4.908989 -0.360628
v 2.229893 5.063983 0.203532
v 0.352217 6.186142 -1.049821
v 0.600152 6.250314 -1.128381
v 0.306395 5.895189 -0.811452
v 0.672034 5.989837 -0.927317
v 0.631032 6.191353 -1.189380
v 0.769047 5.804606 -1.118958
v -0.060168 5.493410 -0.401819
v 0.781817 5.711351 -0.668620
v 1.005059 5.285106 -1.109608
v 0.949912 5.442059 -0.336211
v 0.107923 5.224126 -0.069421
v 1.291825 4.789232 -1.011598
v 1.150730 5.222956 0.019303
v 0.617068 5.084833 0.188390
v 1.321776 4.896373 -0.318558
v 1.353696 5.087399 0.343799
v 1.029149 5.003402 0.446625
v 1.494549 4.818466 0.065586
v 1.637039 4.961999 0.770916
v 0.399297 6.146961 -1.229552
v 0.637040 6.158167 -1.095400
v 0.131064 5.895193 -1.111215
v 0.481682 5.911727 -0.913382
v 0.690425 6.086268 -1.116819
v 0.649402 5.685849 -0.980678
v -0.502074 5.610087 -1.119470
v 0.305312 5.648154 -0.663900
v 0.691255 5.128370 -0.818751
v 0.115445 5.393104 -0.319435
v -0.691935 5.355042 -0.775015
v 0.706530 4.597018 -0.556588
v -0.059014 5.185403 0.067571
v -0.570733 5.161283 -0.221185
v 0.236677 4.787153 -0.051060
v -0.191506 5.056672 0.438201
v -0.502705 5.042006 0.262590
v 0.051984 4.728726 0.340516
v -0.344310 4.937592 0.938532
v 0.323323 6.006175 -1.327425
v 0.518964 6.089014 -1.147285
v 0.102543 5.692859 -1.236210
v 0.391070 5.815036 -0.970556
v 0.593326 6.031766 -1.149714
v 0.624691 5.635193 -0.978193
v -0.432259 5.240913 -1.340935
v 0.232146 5.522249 -0.729188
v 0.769735 5.108397 -0.746756
v 0.036738 5.239370 -0.397193
v -0.627661 4.958044 -1.008950
v 0.860078 4.605528 -0.424090
v -0.165405 5.009468 -0.025116
v -0.586501 4.831165 -0.412857
v 0.246473 4.692381 -0.038566
v -0.343508 4.867540 0.330399
v -0.599596 4.759108 0.094591
v -0.004344 4.606429 0.319328
v -0.572668 4.736627 0.811433
v -0.090442 5.721489 -1.468449
v -0.147904 5.742086 -1.225911
v -0.288046 5.576593 -1.657750
v -0.372779 5.606977 -1.300065
v -0.123524 5.690444 -1.178635
v -0.296180 5.444738 -1.151539
v -0.468826 5.400177 -2.198543
v -0.663954 5.470137 -1.374879
v -0.487696 5.096799 -1.033102
v -1.040975 5.352133 -1.438825
v -0.845835 5.282177 -2.262486
v -0.771038 4.780343 -0.915376
v -1.446442 5.270930 -1.482165
v -1.322755 5.226592 -2.004206
v -1.311411 4.984886 -1.220308
v -1.818629 5.238886 -1.498303
v -1.743404 5.211923 -1.815781
v -1.707439 5.003339 -1.282673
v -2.310243 5.231341 -1.500269
v 0.489370 5.846847 -1.357958
v 0.333752 5.878923 -1.115636
v 0.377592 5.558568 -1.627014
v 0.148102 5.605882 -1.269643
v 0.352852 5.807302 -1.052052
v 0.208111 5.380885 -1.069881
v 0.420556 5.204214 -2.271238
v -0.107915 5.313158 -1.448303
v 0.030169 4.795400 -0.988626
v -0.463686 5.028575 -1.647404
v 0.064795 4.919641 -2.470333
v -0.252213 4.235594 -0.943391
v -0.865047 4.795461 -1.836636
v -0.530086 4.726422 -2.358209
v -0.759263 4.398764 -1.484452
v -1.250896 4.649304 -1.987189
v -1.047186 4.607319 -2.304382
v -1.163791 4.322636 -1.697180
v -1.772313 4.512412 -2.166248
v 0.516348 5.728835 -1.287172
v 0.253565 5.776163 -1.162661
v 0.552699 5.422952 -1.567831
v 0.165164 5.492760 -1.384200
v 0.233369 5.706656 -1.094694
v 0.101717 5.274399 -1.170664
v 0.920806 5.028091 -2.086785
v 0.028398 5.188833 -1.663936
v -0.117604 4.686349 -1.172565
v -0.183321 4.893189 -2.015088
v 0.709093 4.732456 -2.437927
v -0.406937 4.123600 -1.262539
v -0.437761 4.650838 -2.384197
v 0.127860 4.548970 -2.652188
v -0.549630 4.265842 -2.007736
v -0.696186 4.498675 -2.715069
v -0.352202 4.436726 -2.878043
v -0.788309 4.181642 -2.405070
v -1.057889 4.355214 -3.145614
v 0.569600 5.558238 -1.234701
v 0.297857 5.684946 -1.217342
v 0.612241 5.195793 -1.452136
v 0.211491 5.382665 -1.426529
v 0.238565 5.634841 -1.152387
v 0.025219 5.225262 -1.222454
v 1.016327 4.628679 -1.764886
v 0.093489 5.058994 -1.705927
v -0.335151 4.696781 -1.236330
v -0.068890 4.745080 -2.080957
v 0.853952 4.314776 -2.139905
v -0.725380 4.190321 -1.361755
v -0.250925 4.488714 -2.494523
v 0.333981 4.215989 -2.531877
v -0.579340 4.211189 -2.134744
v -0.424903 4.328924 -2.883663
v -0.069192 4.163069 -2.906377
v -0.695344 4.100389 -2.587403
v -0.658754 4.179632 -3.404124
v 0.125334 5.524955 -1.017410
v 0.218713 5.582950 -1.302178
v 0.311118 5.201445 -0.800060
v 0.448820 5.286984 -1.220024
v 0.182057 5.512877 -1.367976
v 0.333654 5.066848 -1.426740
v 0.440091 4.772758 -0.166397
v 0.757197 4.969726 -1.133473
v 0.492190 4.463156 -1.609153
v 1.172684 4.661376 -1.052192
v 0.855565 4.464419 -0.085119
v 0.766824 3.885527 -1.780718
v 1.632025 4.408878 -0.988555
v 1.431026 4.284051 -0.375620
v 1.428999 4.020751 -1.353003
v 2.065292 4.250674 -0.952250
v 1.943050 4.174762 -0.579495
v 1.898112 3.931062 -1.252360
v 2.645211 4.102106 -0.921469
v 0.037037 5.448708 -1.057054
v 0.304365 5.493200 -1.206040
v 0.014098 5.131424 -0.756800
v 0.408335 5.197051 -0.976526
v 0.319919 5.419177 -1.277747
v 0.457198 4.964505 -1.201809
v -0.341164 4.728233 -0.183142
v 0.566677 4.879344 -0.689111
v 0.679120 4.344217 -1.207513
v 0.808534 4.570087 -0.332129
v -0.099313 4.418986 0.173829
v 0.980753 3.750501 -1.126077
v 1.097085 4.316360 0.040074
v 0.521681 4.220597 0.360747
v 1.183243 3.906354 -0.357097
v 1.388401 4.156792 0.370834
v 1.038467 4.098556 0.565847
v 1.459353 3.819163 0.043781
v 1.794842 4.006035 0.798814
v -0.026373 5.280164 -1.065424
v 0.251144 5.301168 -0.912865
v -0.329611 4.982110 -0.921398
v 0.079665 5.013098 -0.696419
v 0.314788 5.218827 -0.937576
v 0.279615 4.754413 -0.774060
v -1.057349 4.634060 -0.919210
v -0.114890 4.705408 -0.401128
v 0.345218 4.110135 -0.579783
v -0.324124 4.408431 0.004564
v -1.266577 4.337093 -0.513530
v 0.380549 3.496730 -0.269043
v -0.516184 4.167380 0.458894
v -1.113512 4.122170 0.130515
v -0.163670 3.711293 0.322026
v -0.661830 4.018952 0.892694
v -1.025093 3.991459 0.692986
v -0.371549 3.643378 0.779993
v -0.829655 3.882798 1.477298
v 0.000756 5.140266 -1.124827
v 0.130030 5.213686 -0.838612
v -0.294350 4.793251 -1.149458
v -0.103695 4.901538 -0.727367
v 0.206527 5.141646 -0.810801
v 0.136639 4.675221 -0.639998
v -0.840314 4.318567 -1.534939
v -0.401289 4.567916 -0.562957
v 0.151746 4.047122 -0.361906
v -0.778795 4.245504 -0.318448
v -1.217808 3.996166 -1.290437
v 0.068195 3.447871 -0.010520
v -1.178740 3.983387 -0.031065
v -1.456982 3.825360 -0.647121
v -0.755034 3.584362 0.122982
v -1.540237 3.821469 0.255442
v -1.709446 3.725367 -0.119215
v -1.191335 3.492885 0.382298
v -2.013133 3.671991 0.652471
v 0.231393 5.061042 -1.031890
v 0.081717 5.111664 -0.744485
v 0.077174 4.720441 -1.306510
v -0.143551 4.795107 -0.882654
v 0.110060 5.034214 -0.670892
v -0.054500 4.551793 -0.651448
v 0.057580 4.283282 -2.016025
v -0.450709 4.455209 -1.039990
v -0.245796 3.895303 -0.507956
v -0.872452 4.123788 -1.210215
v -0.364152 3.951872 -2.186244
v -0.558631 3.266253 -0.395382
v -1.344576 3.851303 -1.367414
v -1.022404 3.742346 -1.986024
v -1.187592 3.422311 -0.959792
v -1.795203 3.679234 -1.487655
v -1.599269 3.612974 -1.863861
v -1.665937 3.325973 -1.151994
v -2.401630 3.516612 -1.626126
v 0.355830 4.954523 -0.911767
v 0.071022 5.011580 -0.746032
v 0.367224 4.605072 -1.230376
v -0.052792 4.689233 -0.985950
v 0.054103 4.933339 -0.666691
v -0.105943 4.443432 -0.736681
v 0.730117 4.149860 -1.849731
v -0.237088 4.343653 -1.286883
v -0.359399 3.778024 -0.713287
v -0.512955 4.007701 -1.661445
v 0.454257 3.813919 -2.224281
v -0.700288 3.141400 -0.782964
v -0.838395 3.732522 -2.052611
v -0.225365 3.609708 -2.409333
v -0.932114 3.299146 -1.613152
v -1.163862 3.560010 -2.400831
v -0.791045 3.485322 -2.617767
v -1.241040 3.203137 -2.038956
v -1.615649 3.397677 -2.851917
v 0.402943 4.828890 -0.618287
v 0.114245 4.919251 -0.775414
v 0.648335 4.448894 -0.785219
v 0.222574 4.582167 -1.016932
v 0.028708 4.847272 -0.748941
v -0.046152 4.356043 -0.933759
v 1.329488 3.914031 -0.810391
v 0.349450 4.221363 -1.344145
v -0.221366 3.755698 -1.172647
v 0.496033 3.875248 -1.791623
v 1.471863 3.563096 -1.256098
v -0.358243 3.184994 -1.537321
v 0.628158 3.582893 -2.286285
v 1.249433 3.388264 -1.948024
v 0.187139 3.221871 -2.153362
v 0.738056 3.403001 -2.757987
v 1.115954 3.284722 -2.552299
v 0.348543 3.075410 -2.637516
v 0.870162 3.235022 -3.391141
v 0.073969 4.752052 -0.560599
v 0.246985 4.832178 -0.851201
v 0.226720 4.369121 -0.292790
v 0.481866 4.487298 -0.721360
v 0.221807 4.756723 -0.937189
v 0.402760 4.250254 -0.991507
v 0.215128 3.844556 0.417924
v 0.802680 4.116677 -0.568967
v 0.620653 3.571197 -1.190609
v 1.243983 3.754720 -0.396073
v 0.656419 3.482610 0.590813
v 0.965213 2.919276 -1.348145
v 1.738592 3.456530 -0.228999
v 1.366181 3.284071 0.396491
v 1.599142 3.038590 -0.705276
v 2.211206 3.267505 -0.093181
v 1.984720 3.162626 0.287209
v 2.096380 2.923344 -0.485377
v 2.848372 3.087335 0.072441
v 0.090816 4.531955 -0.825829
v 0.438818 4.567671 -0.739841
v -0.195448 4.206736 -0.557641
v 0.317772 4.259419 -0.430843
v 0.503213 4.472333 -0.778627
v 0.520081 3.959911 -0.552701
v -0.987538 3.814099 -0.319311
v 0.194284 3.935405 -0.027312
v 0.659821 3.246186 -0.307715
v 0.086019 3.632519 0.500517
v -1.095799 3.511223 0.208502
v 0.799010 2.576934 0.071081
v 0.009459 3.396873 1.072286
v -0.739582 3.319998 0.887194
v 0.366135 2.868806 0.857466
v -0.023740 3.264340 1.600949
v -0.479268 3.217591 1.488380
v 0.269970 2.829495 1.424059
v -0.038437 3.157999 2.300193
v -0.067455 4.160236 -0.952933
v 0.113379 4.220073 -0.446054
v 0.361163 3.935632 -0.352088
v -0.679216 3.710021 -1.495133
v -0.262809 3.847799 -0.327905
v 0.304195 3.233182 -0.078006
v -0.736971 3.488486 -0.122878
v -1.153119 3.347653 -1.292698
v 0.145680 2.639796 0.359465
v -1.236288 3.188892 0.131117
v -1.500128 3.100788 -0.609355
v -0.802658 2.727736 0.330813
v -1.685259 3.001105 0.400874
v -1.845746 2.948009 -0.049039
v -1.325856 2.592059 0.540615
v -2.270635 2.824425 0.787141
v 0.342434 4.383106 -0.954175
v 0.349873 4.468718 -0.591526
v 0.040413 3.981450 -1.113395
v 0.051396 4.107721 -0.578580
v 0.418643 4.385681 -0.527088
v 0.267452 3.846863 -0.376134
v -0.364331 3.431110 -1.769614
v -0.339054 3.721870 -0.538058
v 0.154255 3.170122 -0.031277
v -0.850835 3.349576 -0.448162
v -0.876047 3.058199 -1.680252
v -0.096237 2.516035 0.337701
v -1.405891 3.045723 -0.324091
v -1.421892 2.861452 -1.104662
v -1.026772 2.608173 0.051704
v -1.919863 2.858366 -0.183221
v -1.929588 2.746304 -0.657926
v -1.606212 2.479625 0.110692
v -2.602382 2.685341 0.024535
v 0.646592 4.153651 -1.089298
v 0.405904 4.304224 -0.868066
v 0.344934 3.770175 -1.187950
v 0.126691 3.958414 -0.977161
v 0.399313 4.245112 -0.757246
v 0.111385 3.781583 -0.646008
v 0.146015 3.179010 -1.524211
v -0.266059 3.607413 -1.117329
v -0.282597 3.216178 -0.393252
v -0.708619 3.232833 -1.374604
v -0.257185 2.775834 -1.810973
v -0.788348 2.655442 -0.211708
v -1.160842 2.892325 -1.671036
v -0.774353 2.577080 -2.032533
v -1.226239 2.616762 -1.068492
v -1.629483 2.681831 -1.906692
v -1.299894 2.476042 -2.208056
v -1.672320 2.434750 -1.405821
v -2.272050 2.500348 -2.227043
v 0.743223 4.119908 -0.688293
v 0.377469 4.223188 -0.729265
v 0.930894 3.701812 -0.971639
v 0.403822 3.874655 -1.043131
v 0.300735 4.144295 -0.666983
v 0.189955 3.673184 -0.871991
v 1.621554 3.093657 -1.284615
v 0.437914 3.542577 -1.476364
v -0.010496 3.154536 -1.122060
v 0.419084 3.190490 -2.022238
v 1.580539 2.703808 -1.810468
v -0.272252 2.588340 -1.475492
v 0.320497 2.821258 -2.570856
v 1.064761 2.526392 -2.443935
v -0.018455 2.531666 -2.303561
v 0.191786 2.550123 -3.069921
v 0.663353 2.402946 -3.009803
v -0.121353 2.253286 -2.819111
v 0.049304 2.346859 -3.778404
v 0.288052 4.026680 -0.547688
v 0.468186 4.113434 -0.879401
v 0.474897 3.607444 -0.248605
v 0.740539 3.735398 -0.737805
v 0.438113 4.027390 -0.972839
v 0.646052 3.465089 -1.031355
v 0.498159 3.035856 0.552538
v 1.109883 3.330491 -0.573969
v 0.892463 2.708462 -1.249465
v 1.614041 2.937563 -0.392125
v 1.002302 2.642940 0.734376
v 1.281065 1.984881 -1.426677
v 2.176258 2.616436 -0.219956
v 1.788525 2.429708 0.494023
v 2.009693 2.139846 -0.737494
v 2.710944 2.415997 -0.083675
v 2.475139 2.302441 0.350529
v 2.573790 2.023540 -0.509848
v 3.432434 2.228438 0.078533
v 0.158068 3.916538 -0.675697
v 0.524123 4.028063 -0.767880
v 0.088657 3.475492 -0.341676
v 0.628492 3.637492 -0.477634
v 0.577765 3.945923 -0.857173
v 0.797015 3.380685 -0.758169
v -0.458298 2.848452 0.212592
v 0.784821 3.192198 -0.100476
v 1.172620 2.626511 -0.746017
v 1.020145 2.764174 0.389955
v -0.222980 2.446837 0.703008
v 1.614086 1.917472 -0.598711
v 1.298636 2.438376 0.918995
v 0.510732 2.237050 1.117400
v 1.595763 2.014963 0.424417
v 1.577899 2.259434 1.406103
v 1.098733 2.121812 1.526758
v 1.822575 1.896663 0.998841
v 1.963779 2.111981 2.049328
v 0.093760 3.640231 -0.852302
v 0.454280 3.733653 -0.702687
v -0.188246 3.200622 -0.629813
v 0.343434 3.338412 -0.409179
v 0.548352 3.645963 -0.744610
v 0.638978 3.062928 -0.540895
v -1.003590 2.597175 -0.521556
v 0.220742 2.914456 -0.013476
v 0.900826 2.280519 -0.316564
v 0.094231 2.501882 0.523206
v -1.130097 2.184614 0.015110
v 1.135811 1.530961 0.059027
v -0.016838 2.163500 1.119163
v -0.792822 1.962420 0.797118
v 0.504216 1.677786 0.886963
v -0.095556 1.950826 1.683666
v -0.567469 1.828542 1.487808
v 0.333513 1.550855 1.492463
v -0.180519 1.750055 2.443598
v 0.338039 3.728004 -0.998606
v 0.367988 3.780800 -0.607570
v -0.023523 3.246642 -1.189827
v 0.015434 3.368902 -0.631599
v 0.438816 3.674499 -0.561381
v 0.235983 3.051767 -0.493533
v -0.532232 2.684774 -1.924454
v -0.439439 2.940102 -0.628529
v 0.064677 2.238691 -0.321225
v -1.030629 2.587262 -0.587537
v -1.129009 2.379485 -1.902902
v -0.251629 1.453586 -0.090697
v -1.664891 2.336224 -0.502192
v -1.731843 2.244193 -1.353938
v -1.272233 1.743934 -0.243415
v -2.237052 2.152617 -0.357337
v -2.282311 2.135121 -0.890694
v -1.912923 1.658376 -0.142378
v -2.987706 1.975214 -0.123785
v 0.440164 3.450185 -1.116763
v 0.184493 3.607851 -0.861943
v 0.292175 2.990403 -1.394476
v -0.084865 3.222935 -1.018676
v 0.178688 3.536536 -0.750122
v -0.103096 2.998898 -0.667370
v 0.422602 2.278168 -2.085904
v -0.445644 2.813623 -1.220529
v -0.487604 2.298073 -0.412129
v -0.931432 2.421988 -1.480201
v -0.063171 1.886545 -2.345567
v -0.995711 1.632383 -0.242102
v -1.468272 2.107650 -1.758158
v -0.917954 1.768290 -2.306627
v -1.500435 1.712641 -1.138797
v -1.974435 1.918466 -2.012086
v -1.639754 1.712087 -2.345634
v -2.000926 1.593188 -1.502066
v -2.653972 1.749885 -2.346499
vn -0.7159 -0.2982 -0.6313
vn -0.3295 -0.1927 -0.9243
vn -0.6593 -0.2183 -0.7195
vn 0.6231 0.1899 0.7587
vn 0.7812 0.2435 0.5748
vn 0.9512 0.2872 0.1129
vn 0.9319 0.3626 0.0028
vn 0.5099 0.1695 -0.8434
vn 0.6134 0.1868 -0.7674
vn 0.8201 0.2874 -0.4949
vn -0.2812 0.9096 -0.3059
vn -0.4904 0.8690 0.0665
vn -0.3969 0.8504 -0.3453
vn 0.2228 0.1113 -0.9685
vn 0.0943 -0.0408 -0.9947
vn 0.7070 0.0096 -0.7071
vn 0.8069 0.1059 -0.5811
vn 0.0886 -0.1158 -0.9893
vn 0.7203 0.1529 -0.6766
vn 0.8185 -0.4092 0.4032
vn 0.1787 -0.3294 -0.9271
vn 0.9696 0.0330 -0.2427
vn 0.9785 0.1734 -0.1119
vn 0.8326 0.2287 -0.5044
vn 0.3262 0.2085 -0.9220
vn 0.9626 0.2551 -0.0913
vn 0.1533 0.5081 0.8476
vn 0.9036 0.3756 0.2061
vn 0.8610 0.1586 0.4832
vn 0.5077 0.2717 -0.8175
vn -0.5886 0.1080 -0.8012
vn -0.3607 0.0076 -0.9327
vn -0.1495 0.2533 -0.9558
vn -0.7722 0.0387 -0.6342
vn -0.9325 -0.0755 0.3533
vn -0.8815 -0.3729 -0.2897
vn -0.8615 -0.2816 0.4225
vn -0.8051 0.0265 -0.5925
vn -0.4995 -0.0762 -0.8630
vn 0.3605 -0.0004 -0.9328
vn -0.0893 -0.0261 -0.9957
vn -0.0383 -0.0529 -0.9979
vn 0.3906 0.0111 -0.9205
vn 0.1481 0.1943 -0.9697
vn -0.6810 0.2662 -0.6822
vn -0.9234 0.1443 -0.3556
vn -0.1142 0.2670 -0.9569
vn -0.6555 0.5274 -0.5405
vn 0.6693 0.6158 -0.4156
vn -0.9472 0.3016 -0.1092
vn -0.9186 0.0660 0.3898
vn -0.9588 0.0232 -0.2831
vn -0.9587 0.1856 0.2153
vn -0.9312 0.0540 0.3605
vn -0.4687 0.1324 0.8734
vn -0.6879 0.2709 0.6734
vn -0.7598 0.0134 0.6500
vn -0.9991 -0.0121 -0.0397
vn -0.5926 0.0164 -0.8053
vn -0.9798 0.1461 -0.1368
vn -0.7928 -0.0352 -0.6085
vn -0.6344 0.0313 -0.7724
vn -0.7520 -0.2284 -0.6183
vn -0.2546 -0.4889 -0.8343
vn -0.8862 -0.3686 -0.2807
vn -0.8006 0.1126 -0.5885
vn -0.9499 0.3124 0.0031
vn -0.4988 0.2693 0.8238
vn -0.6166 0.3115 0.7230
vn -0.8067 0.3080 0.5043
vn -0.0442 0.3043 0.9515
vn -0.5968 -0.1785 0.7823
vn -0.0931 0.2831 0.9546
vn -0.2419 0.0800 0.9670
vn -0.8210 0.1845 0.5403
vn -0.0997 0.1615 0.9818
vn -0.7061 0.0654 0.7051
vn -0.6178 0.7859 0.0259
vn -0.4991 0.7804 -0.3766
vn -0.9884 0.0212 0.1501
vn -0.9632 0.1519 0.2216
vn -0.3434 0.3670 0.8645
vn -0.9909 0.1263 0.0469
vn -0.8364 0.2129 0.5051
vn -0.4925 0.3210 0.8089
vn 0.5750 0.2445 0.7808
vn 0.3434 0.3057 0.8881
vn 0.1461 0.3578 0.9223
vn 0.7603 0.1798 0.6243
vn 0.7897 0.1210 0.6015
vn 0.9470 0.1806 0.2656
vn 0.9967 0.0697 0.0409
vn 0.7940 0.1665 0.5847
vn 0.4967 0.1011 0.8620
vn -0.3589 0.1097 0.9269
vn 0.0738 0.2566 0.9637
vn 0.0403 0.1057 0.9936
vn 0.3445 -0.0593 0.9369
vn 0.6877 -0.4962 0.5299
vn -0.3881 0.1150 0.9144
vn -0.1508 0.2746 0.9497
vn 0.6646 0.3441 0.6633
vn 0.9072 0.2887 0.3059
vn 0.1200 0.3424 0.9318
vn 0.7922 0.4820 -0.3742
vn -0.6107 -0.0525 -0.7901
vn -0.1700 -0.4796 -0.8609
vn 0.9411 0.3146 0.1242
vn 0.9186 0.0656 -0.3898
vn 0.9576 0.1846 -0.2211
vn 0.9308 0.0609 -0.3604
vn 0.8115 -0.1893 -0.5528
vn 0.9354 -0.3504 0.0476
vn 0.7172 -0.4307 -0.5478
vn 0.5832 0.1792 0.7923
vn -0.9832 0.1805 -0.0279
vn 0.8582 0.2120 0.4674
vn 0.7970 -0.0232 -0.6035
vn 0.7344 -0.1322 -0.6658
vn -0.3846 -0.1727 -0.9068
vn -0.9610 -0.1307 -0.2437
vn 0.8537 0.3170 -0.4132
vn 0.2095 0.1912 -0.9589
vn 0.2644 0.0284 -0.9640
vn -0.8764 -0.1963 -0.4398
vn 0.9241 0.1070 -0.3669
vn 0.4526 -0.3793 -0.8070
vn 0.9412 0.1375 0.3086
vn 0.8119 0.0305 0.5829
vn -0.7060 0.4743 0.5259
vn -0.9524 0.2796 -0.1212
vn -0.9122 0.3841 -0.1425
vn -0.8443 0.0459 -0.5338
vn -0.8455 0.3287 0.4209
vn -0.9844 0.1736 0.0287
vn -0.9519 0.3063 -0.0025
vn 0.3377 -0.1952 -0.9208
vn 0.3193 -0.0770 -0.9445
vn -0.4594 0.3924 0.7969
vn 0.2405 0.5112 0.8251
vn -0.8377 0.3148 0.4464
vn -0.7969 0.3015 0.5236
vn -0.1811 -0.1397 -0.9735
vn -0.3528 -0.1008 -0.9303
vn -0.3062 -0.1199 -0.9444
vn 0.0542 0.4495 0.8917
vn -0.0181 0.2721 0.9621
vn -0.8061 -0.4554 0.3779
vn -0.7467 -0.4409 0.4981
vn -0.9925 -0.0914 -0.0810
vn 0.2307 0.6560 0.7187
vn -0.3634 0.0057 -0.9316
vn -0.7357 0.1598 -0.6582
vn -0.7365 -0.0452 -0.6749
vn -0.6771 0.3226 0.6614
vn -0.6599 0.3055 0.6864
vn -0.0775 -0.0270 -0.9966
vn -0.1228 -0.1400 -0.9825
vn 0.0317 -0.2386 -0.9706
vn 0.7147 -0.3991 -0.5743
vn -0.0478 -0.4223 -0.9052
vn 0.1853 0.3465 0.9196
vn -0.8947 0.2182 -0.3898
vn -0.7395 0.1773 -0.6493
vn 0.6893 0.2478 0.6808
vn 0.9806 0.0307 -0.1935
vn 0.9789 -0.2013 -0.0349
vn -0.2745 0.0017 0.9616
vn 0.3784 0.1884 0.9063
vn 0.6812 -0.1807 -0.7094
vn 0.8530 -0.1839 -0.4884
vn 0.6878 -0.2491 -0.6819
vn 0.6506 0.2597 0.7136
vn 0.3636 0.0537 0.9300
vn 0.7284 0.0931 0.6788
vn -0.3225 0.2722 0.9066
vn -0.6893 0.1137 0.7155
vn 0.9385 -0.0147 0.3450
vn 0.9944 0.0704 -0.0787
vn 0.9911 -0.1169 -0.0642
vn -0.8776 -0.1463 0.4566
vn 0.9222 0.0552 -0.3828
vn 0.9852 0.1660 -0.0431
vn 0.9959 0.0750 -0.0514
vn -0.3874 0.0329 0.9213
vn -0.3613 0.1107 0.9258
vn 0.0967 0.4823 0.8707
vn 0.8783 0.2820 0.3862
vn 0.2741 0.2721 0.9224
vn 0.0350 0.0572 0.9978
vn -0.2049 0.9353 -0.2884
vn -0.3418 0.0134 -0.9397
vn 0.6010 0.0204 0.7990
vn -0.1754 -0.0751 0.9816
vn 0.9830 -0.1744 -0.0581
vn -0.2106 -0.1652 0.9635
vn -0.0822 0.1809 0.9801
vn 0.9254 -0.0807 0.3704
vn 0.7736 -0.0475 0.6319
vn 0.9268 -0.1108 0.3588
vn -0.9713 0.2378 -0.0095
vn -0.9352 0.0538 -0.3500
vn 0.9951 -0.0773 -0.0617
vn 0.9096 -0.0746 -0.4087
vn 0.3707 0.0951 0.9239
vn 0.0559 0.0168 0.9983
vn 0.1086 0.1474 0.9831
vn -0.8899 0.1889 0.4153
vn 0.7013 -0.0148 -0.7127
vn 0.8734 -0.1949 -0.4463
vn -0.9050 0.1885 -0.3813
vn -0.6363 0.2879 -0.7157
vn -0.6344 -0.5413 0.5518
vn -0.9935 -0.0987 0.0564
vn -0.3119 0.3375 0.8881
vn -0.9862 -0.1501 -0.0701
vn -0.9202 -0.0070 -0.3913
vn -0.9990 -0.0406 0.0191
vn 0.6955 0.0518 -0.7167
vn 0.1466 0.2410 0.9594
vn -0.3216 0.3807 0.8670
vn 0.3896 0.0313 -0.9205
vn 0.7105 0.0196 -0.7034
vn 0.7498 -0.0506 0.6598
vn -0.6968 -0.0012 0.7173
vn 0.2988 0.3219 0.8984
vn -0.3429 0.1069 -0.9333
vn -0.0392 -0.0074 -0.9992
vn -0.0356 0.0843 -0.9958
vn 0.9143 0.1475 -0.3772
vn 0.3548 -0.1393 -0.9245
vn 0.3698 0.2150 0.9039
vn 0.7464 0.4572 -0.4836
vn 0.3125 0.4961 0.8100
vn 0.7145 0.0702 0.6961
vn 0.9171 0.0634 0.3935
vn -0.7270 0.3036 0.6158
vn 0.0121 -0.1497 -0.9887
vn -0.7122 0.4301 0.5548
vn -0.9924 0.0270 0.1199
vn 0.3911 0.0026 -0.9203
vn -0.9471 -0.0590 0.3155
vn -0.9211 0.0066 0.3893
vn -0.9746 0.2151 -0.0619
vn 0.4101 -0.0492 -0.9107
vn -0.9193 0.1178 -0.3755
vn -0.7895 0.0640 -0.6104
vn -0.9713 0.2203 -0.0897
vn 0.7185 -0.1820 -0.6713
vn -0.0571 -0.4145 -0.9082
vn -0.7672 0.3842 -0.5136
vn 0.9830 -0.1761 0.0526
vn 0.8561 -0.3922 0.3367
vn -0.8006 0.2240 0.5558
vn 0.6988 0.3817 0.6050
vn -0.5890 0.4922 0.6409
vn -0.1104 -0.6758 -0.7288
vn -0.8114 0.4116 -0.4150
vn 0.9664 -0.2523 0.0497
vn -0.5004 0.2284 -0.8351
vn 0.3702 -0.0036 0.9289
vn -0.5893 0.0047 -0.8079
vn 0.4897 -0.0826 0.8680
vn 0.1852 0.0998 -0.9776
vn 0.8784 0.1618 -0.4498
vn 0.8994 0.3774 0.2205
vn 0.9792 0.1105 0.1702
vn 0.5199 -0.1933 0.8321
vn -0.4903 0.1088 -0.8648
vn -0.7403 -0.0551 0.6700
vn 0.8412 -0.3525 0.4100
vn 0.2322 0.6051 0.7616
vn -0.1044 0.8042 0.5852
vn 0.0067 0.8564 0.5163
vn 0.6253 -0.4582 -0.6317
vn -0.7649 0.4363 -0.4739
vn 0.4280 -0.4154 -0.8027
vn -0.0375 -0.4634 -0.8853
vn -0.4613 0.4667 0.7546
vn 0.4959 0.7236 0.4800
vn 0.8034 0.4360 0.4055
vn 0.4902 0.6300 0.6023
vn 0.9934 0.0880 0.0741
vn -0.6836 -0.2150 -0.6974
vn 0.7459 0.0581 -0.6635
vn -0.3500 0.0658 -0.9344
vn -0.5274 0.7119 0.4638
vn -0.9680 0.2038 0.1462
vn -0.4077 0.8794 0.2459
vn -0.3490 0.7338 -0.5828
vn -0.3537 0.5630 0.7469
vn -0.6342 0.6082 0.4774
vn -0.6006 0.6622 0.4480
vn -0.0682 0.3649 0.9285
vn -0.3815 0.5271 0.7594
vn 0.3247 0.6829 -0.6544
vn -0.0972 0.7519 -0.6520
vn -0.0761 0.6447 -0.7607
vn 0.5344 0.8396 -0.0971
vn 0.3695 0.7846 -0.4978
vn 0.6193 0.7685 -0.1608
vn -0.6695 0.7230 0.1703
vn -0.4820 0.8548 -0.1924
vn -0.4030 0.9107 -0.0903
vn 0.3281 0.9137 -0.2397
vn 0.0143 0.8507 -0.5254
vn 0.3947 0.8530 -0.3414
vn -0.6099 0.7464 0.2664
vn -0.6182 0.5126 0.5958
vn -0.6407 0.7240 0.2555
vn 0.6866 0.5977 0.4139
vn 0.5878 0.6935 0.4166
vn 0.7057 0.7083 0.0175
vn 0.7924 0.6093 0.0281
vn 0.7390 0.5648 -0.3673
vn 0.6420 0.6587 -0.3923
vn 0.5531 0.6582 0.5108
vn 0.1317 0.7805 0.6112
vn 0.5103 0.7552 0.4115
vn 0.4554 0.8903 -0.0085
vn 0.5717 0.7137 -0.4047
vn 0.5889 0.8082 0.0048
vn -0.3731 0.8877 0.2698
vn -0.2261 0.7270 0.6483
vn -0.4703 0.8222 0.3206
vn 0.4704 0.7781 -0.4162
vn -0.3457 0.9382 0.0166
vn -0.4065 0.8105 0.4217
vn -0.4696 0.8828 0.0101
vn 0.2457 0.9375 0.2462
vn 0.3543 0.8346 -0.4217
vn 0.3263 0.9450 -0.0202
vn 0.2936 0.8734 0.3885
vn 0.2230 0.8995 0.3758
vn 0.7146 0.5411 0.4433
vn 0.4126 0.6083 0.6780
vn 0.3923 0.6627 0.6379
vn 0.4760 0.5378 0.6958
vn 0.7655 0.3078 0.5651
vn 0.4676 0.5033 0.7267
vn -0.1348 0.5923 0.7944
vn -0.1698 0.6899 0.7037
vn 0.2455 0.6962 0.6746
vn 0.2638 0.5958 0.7586
vn 0.6145 0.5459 0.5696
vn 0.6060 0.6410 0.4710
vn -0.6650 0.7440 0.0647
vn -0.7979 0.4758 0.3701
vn -0.7613 0.6484 -0.0085
vn 0.1862 0.8820 0.4330
vn 0.5942 0.6970 0.4014
vn 0.2187 0.7978 0.5619
vn 0.7634 0.6336 0.1254
vn 0.4515 0.8189 0.3543
vn 0.4354 0.8717 0.2249
vn 0.5709 0.7630 0.3032
vn -0.0618 0.9438 0.3248
vn 0.2927 0.8021 0.5206
vn -0.1124 0.8912 0.4394
vn -0.1247 0.9370 0.3263
vn 0.5367 0.8214 0.1931
vn 0.1532 0.9388 0.3086
vn -0.2426 0.8744 0.4203
vn -0.2548 0.9014 0.3500
vn 0.5389 0.5830 -0.6080
vn 0.7732 0.5614 -0.2950
vn 0.7417 0.6162 -0.2647
vn -0.4672 0.5781 0.6690
vn -0.1990 0.4014 0.8940
vn -0.4948 0.5415 0.6797
vn -0.5262 0.7588 0.3839
vn -0.2751 0.6585 0.7005
vn -0.0190 0.4133 0.9104
vn 0.0758 0.5002 0.8626
vn -0.2907 0.7553 -0.5873
vn -0.5916 0.7546 -0.2837
vn -0.6445 0.6572 -0.3908
vn -0.2870 0.7952 -0.5341
vn -0.6588 0.6470 -0.3839
vn -0.3322 0.6928 -0.6401
vn -0.0732 0.8355 0.5446
vn 0.1374 0.5523 0.8223
vn -0.1774 0.7553 0.6310
vn 0.2758 0.8745 0.3991
vn 0.6409 0.7411 0.2000
vn 0.3400 0.8055 0.4853
vn -0.6863 0.6727 0.2765
vn -0.5459 0.8323 -0.0962
vn -0.4597 0.8881 -0.0000
vn 0.2179 0.6148 0.7580
vn 0.3116 0.9340 0.1746
vn 0.5175 0.8347 -0.1884
vn 0.4255 0.8773 0.2219
vn -0.1446 0.9591 0.2435
vn 0.3008 0.6719 0.6768
vn 0.0216 0.8898 0.4559
vn -0.2978 0.9349 0.1929
vn -0.2418 0.9591 0.1470
vn -0.2902 0.6143 -0.7337
vn 0.1008 0.6199 -0.7782
vn 0.1303 0.6616 -0.7385
vn 0.0918 0.5427 0.8349
vn 0.4180 0.3092 0.8542
vn 0.0833 0.5004 0.8618
vn -0.6561 0.6296 -0.4160
vn -0.5619 0.7275 -0.3938
vn -0.7278 0.6857 -0.0142
vn -0.8083 0.5868 -0.0484
vn -0.8013 0.4912 0.3415
vn -0.7122 0.5834 0.3904
vn -0.4522 0.7611 0.4650
vn -0.0876 0.7234 0.6848
vn -0.1856 0.6280 0.7558
vn 0.6574 0.7507 0.0655
vn 0.8377 0.4966 -0.2273
vn 0.7429 0.6527 0.1483
vn -0.6463 0.6380 0.4186
vn -0.2374 0.8698 0.4324
vn 0.1465 0.7733 0.6168
vn -0.2645 0.8012 0.5367
vn 0.5767 0.7152 0.3949
vn 0.1814 0.8545 0.4867
vn 0.2088 0.9093 0.3600
vn -0.5500 0.7029 0.4510
vn -0.3370 0.9293 -0.1514
vn -0.5210 0.8243 0.2217
vn -0.4524 0.8708 -0.1927
vn -0.2537 0.9553 -0.1517
vn -0.4379 0.7612 0.4784
vn -0.3661 0.9250 0.1013
vn -0.2138 0.9356 -0.2811
vn -0.6790 0.5360 0.5016
vn -0.7958 0.5904 0.1347
vn -0.7631 0.6394 0.0939
vn -0.6776 0.5612 -0.4753
vn -0.9040 0.3654 -0.2221
vn -0.6854 0.5251 -0.5045
vn 0.3304 0.5794 -0.7451
vn -0.0566 0.5405 -0.8395
vn -0.4434 0.4582 -0.7703
vn -0.4765 0.5566 -0.6805
vn 0.3446 0.7319 -0.5878
vn -0.0814 0.7735 -0.6286
vn -0.0441 0.6789 -0.7329
vn 0.1579 0.7657 0.6235
vn 0.4762 0.4985 0.7244
vn 0.0980 0.6745 0.7318
vn -0.1165 0.8430 -0.5252
vn -0.4933 0.6156 -0.6145
vn -0.2373 0.8732 -0.4258
vn -0.6164 0.7469 -0.2496
vn -0.2966 0.8040 -0.5153
vn -0.5096 0.6867 -0.5185
vn -0.3930 0.8785 0.2717
vn 0.1361 0.9348 -0.3281
vn -0.5188 0.7518 -0.4071
vn -0.1313 0.9068 -0.4006
vn 0.2835 0.8826 -0.3750
vn 0.2695 0.9130 -0.3063
vn 0.6812 0.5754 -0.4525
vn 0.8132 0.5759 -0.0839
vn 0.7731 0.6308 -0.0670
vn 0.6696 0.7149 -0.2014
vn 0.4654 0.6830 -0.5629
vn 0.2212 0.4981 -0.8384
vn 0.1307 0.5918 -0.7954
vn 0.2625 0.8691 -0.4193
vn 0.0698 0.6474 -0.7590
vn -0.2171 0.8137 0.5392
vn -0.1897 0.7430 0.6419
vn -0.0125 0.7134 -0.7007
vn 0.2961 0.9501 -0.0978
vn -0.1005 0.7727 -0.6268
vn 0.1612 0.9264 -0.3402
vn 0.4347 0.9002 -0.0276
vn 0.3750 0.9270 0.0117
vn -0.6627 0.5747 -0.4801
vn -0.3579 0.5878 -0.7255
vn -0.3299 0.6424 -0.6917
vn 0.4435 0.5531 0.7052
vn 0.7439 0.3358 0.5777
vn 0.4360 0.5182 0.7358
vn 0.7928 0.5220 0.3146
vn 0.7064 0.6288 0.3250
vn 0.7788 0.6215 -0.0850
vn 0.8544 0.5133 -0.0808
vn 0.7514 0.4672 -0.4660
vn 0.6635 0.5712 -0.4832
vn -0.5573 0.7702 0.3103
vn -0.2448 0.7629 0.5984
vn -0.3509 0.6681 0.6561
vn -0.6598 0.7497 0.0510
vn -0.7937 0.4888 0.3621
vn -0.7568 0.6533 -0.0200
vn 0.5494 0.8308 -0.0891
vn 0.5989 0.6337 -0.4896
vn 0.6734 0.7340 -0.0880
vn -0.0129 0.9206 0.3904
vn 0.3782 0.7703 0.5134
vn -0.0309 0.8636 0.5032
vn 0.0357 0.6159 -0.7870
vn 0.3073 0.8021 -0.5120
vn 0.1822 0.8580 -0.4802
vn 0.5049 0.7092 -0.4919
vn -0.1077 0.8573 -0.5033
vn -0.4138 0.8899 -0.1916
vn -0.1607 0.7766 -0.6091
vn 0.3770 0.9074 0.1857
vn 0.3961 0.7788 -0.4864
vn 0.4269 0.9000 -0.0883
vn 0.4333 0.8411 0.3237
vn 0.3651 0.8749 0.3181
vn 0.1022 0.6210 0.7771
vn 0.1016 0.6742 0.7315
vn -0.4230 0.4036 -0.8113
vn -0.0478 0.5013 -0.8640
vn 0.4092 0.6424 0.6480
vn 0.3636 0.7416 0.5637
vn 0.7036 0.6119 0.3612
vn 0.4032 0.6362 0.6578
vn 0.7005 0.6067 0.3758
vn 0.7268 0.5107 0.4593
vn 0.6901 0.6122 0.3860
vn 0.9207 0.3527 0.1669
vn 0.7155 0.5172 0.4697
vn 0.6920 0.6128 0.3815
vn 0.8976 0.4362 0.0632
vn 0.9231 0.3466 0.1667
vn -0.5301 0.7718 0.3512
vn -0.3397 0.6338 0.6949
vn 0.2353 0.7263 0.6459
vn 0.5392 0.4350 0.7212
vn 0.1736 0.6344 0.7532
vn 0.5989 0.7762 0.1972
vn 0.8760 0.4817 0.0244
vn 0.6573 0.6881 0.3073
vn 0.6424 0.7541 -0.1366
vn 0.5256 0.8092 0.2627
vn 0.6153 0.6710 -0.4137
vn 0.5541 0.8322 -0.0208
vn 0.4500 0.8877 -0.0975
vn 0.6249 0.7546 0.2000
vn 0.8644 0.5013 -0.0398
vn 0.9007 0.4313 0.0520
vn -0.3248 0.9360 -0.1358
vn -0.5426 0.8126 0.2127
vn -0.4356 0.8797 -0.1906
vn 0.3102 0.9301 0.1967
vn 0.7773 0.6028 -0.1802
vn 0.5372 0.8410 0.0641
vn 0.5597 0.8273 0.0473
vn 0.2589 0.9101 0.3236
vn 0.2258 0.9387 0.2606
vn 0.1050 0.5349 0.8384
vn -0.2642 0.6198 0.7390
vn -0.2438 0.6730 0.6983
vn 0.0988 0.7690 0.6316
vn 0.7823 0.3534 0.5130
vn 0.6833 0.7294 -0.0328
vn 0.4825 0.7754 -0.4074
vn 0.5956 0.6746 -0.4362
vn 0.4898 0.8014 0.3433
vn 0.8091 0.4859 0.3306
vn 0.4149 0.8146 0.4053
vn 0.5220 0.7455 0.4144
vn 0.8064 0.5463 0.2263
vn 0.3039 0.8160 -0.4916
vn 0.2128 0.9493 0.2315
vn 0.7905 0.6024 0.1109
vn 0.4740 0.8542 0.2139
vn 0.0839 0.9398 0.3312
vn 0.0792 0.9628 0.2585
vn 0.7320 0.5445 0.4095
vn -0.7196 0.5617 0.4083
vn -0.5985 0.3545 0.7184
vn -0.7497 0.5263 0.4011
vn -0.2530 0.6962 0.6718
vn -0.2088 0.7875 0.5799
vn 0.1508 0.6540 0.7413
vn -0.2290 0.7078 0.6682
vn 0.1743 0.6562 0.7341
vn 0.1157 0.5678 0.8150
vn 0.1580 0.6589 0.7354
vn 0.4547 0.3762 0.8073
vn 0.1001 0.5680 0.8169
vn 0.1135 0.6857 0.7190
vn 0.4953 0.5157 0.6991
vn 0.4316 0.4382 0.7885
vn -0.5400 0.8385 0.0730
vn -0.4042 0.7972 0.4484
vn -0.5451 0.7025 0.4575
vn -0.6635 0.7326 0.1517
vn -0.7570 0.4581 0.4659
vn -0.7661 0.6366 0.0884
vn 0.1869 0.8107 0.5548
vn 0.4997 0.5141 0.6971
vn 0.1346 0.7325 0.6673
vn 0.2995 0.8525 -0.4285
vn 0.3319 0.7810 -0.5290
vn 0.1880 0.8077 0.5588
vn 0.5443 0.5847 0.6016
vn 0.5002 0.5072 0.7018
vn -0.2280 0.9361 0.2680
vn 0.0148 0.8030 0.5957
vn -0.3204 0.8801 0.3503
vn 0.0612 0.9507 0.3041
vn 0.6367 0.6155 0.4645
vn 0.3035 0.8619 0.4063
vn 0.3257 0.8517 0.4105
vn -0.0744 0.9390 0.3357
vn -0.0450 0.9621 0.2691
vn 0.0365 0.5599 -0.8278
vn 0.4098 0.5723 -0.7103
vn 0.3976 0.6278 -0.6692
vn -0.8294 0.5542 -0.0712
vn -0.9052 0.3432 0.2506
vn -0.8496 0.5188 -0.0946
vn -0.5274 0.6650 0.5288
vn -0.2662 0.5343 0.8023
vn 0.0699 0.3567 0.9316
vn 0.1660 0.4412 0.8819
vn -0.0528 0.7613 -0.6463
vn -0.4037 0.5362 -0.7413
vn -0.0048 0.6595 -0.7516
vn 0.2275 0.4922 0.8402
vn -0.1581 0.8268 0.5398
vn -0.1224 0.7175 0.6857
vn -0.3718 0.8499 0.3734
vn -0.2283 0.9093 0.3480
vn 0.3068 0.5541 0.7739
vn -0.0703 0.9487 0.3083
vn 0.3870 0.6115 0.6902
vn 0.1061 0.8574 0.5035
vn -0.1740 0.9600 0.2196
vn -0.7865 0.6171 0.0265
vn -0.7414 0.6706 0.0239
vn 0.8268 0.5614 -0.0351
vn 0.8537 0.3637 -0.3727
vn 0.8507 0.5254 -0.0164
vn -0.6405 0.6762 0.3641
vn -0.6491 0.6701 0.3599
vn -0.3561 0.6710 0.6503
vn -0.4404 0.5762 0.6885
vn -0.3607 0.6714 0.6474
vn -0.1348 0.4305 0.8925
vn -0.4477 0.5746 0.6851
vn -0.0330 0.5152 0.8564
vn -0.1503 0.8399 0.5215
vn 0.0281 0.5629 0.8260
vn -0.2598 0.7621 0.5931
vn -0.4759 0.8106 0.3412
vn -0.5075 0.7185 -0.4756
vn -0.1007 0.8464 -0.5229
vn -0.1415 0.9048 -0.4016
vn 0.1146 0.6246 0.7725
vn 0.2496 0.9315 0.2647
vn 0.3440 0.8739 0.3435
vn -0.1820 0.9616 0.2056
vn 0.2056 0.6845 0.6994
vn -0.0463 0.8959 0.4418
vn -0.0386 0.8951 0.4442
vn -0.3225 0.9358 0.1424
vn -0.2612 0.9597 0.1038
vn -0.1160 0.5382 0.8348
vn -0.2034 0.5893 0.7819
vn 0.1436 0.4397 0.8866
vn -0.2219 0.5520 0.8038
vn -0.6424 0.7662 0.0183
vn -0.6276 0.6558 0.4196
vn -0.5476 0.4018 0.7340
vn -0.4418 0.4871 0.7534
vn -0.1868 0.7771 0.6010
vn -0.6295 0.7505 -0.2014
vn -0.8660 0.4976 0.0493
vn -0.6963 0.6522 -0.2996
vn -0.3705 0.8299 0.4171
vn -0.3677 0.5382 0.7584
vn -0.5065 0.7511 0.4234
vn -0.2640 0.5996 0.7555
vn -0.1894 0.9304 -0.3137
vn -0.2657 0.8725 -0.4100
vn -0.2490 0.9591 0.1349
vn -0.1485 0.6557 0.7403
vn -0.2410 0.8830 0.4027
vn -0.3432 0.9392 0.0031
vn -0.2706 0.9627 -0.0003
vn 0.5512 0.5821 0.5978
vn 0.2107 0.5790 0.7876
vn 0.1878 0.6340 0.7502
vn -0.6250 0.6642 -0.4102
vn -0.5407 0.7605 -0.3594
vn -0.8257 0.5583 -0.0806
vn -0.8693 0.4024 0.2869
vn -0.5446 0.8297 0.1224
vn -0.7358 0.5406 0.4079
vn 0.1475 0.8031 -0.5774
vn 0.1037 0.7316 -0.6738
vn -0.7155 0.6748 0.1810
vn -0.5234 0.8355 -0.1673
vn -0.4513 0.8904 -0.0596
vn -0.6492 0.6028 0.4639
vn 0.0911 0.8856 0.4555
vn -0.2844 0.9578 -0.0417
vn -0.5457 0.6599 0.5164
vn -0.4301 0.8839 0.1838
vn -0.2867 0.9361 -0.2035
vn -0.2252 0.9602 -0.1652
vn -0.6994 0.5751 -0.4243
vn 0.6143 0.4923 0.6166
vn 0.2676 0.5576 0.7858
vn -0.2702 0.7404 -0.6155
vn -0.6212 0.6727 -0.4020
vn -0.8754 0.4557 -0.1611
vn -0.8350 0.5462 -0.0663
vn 0.4588 0.7408 0.4906
vn 0.7789 0.4664 0.4193
vn 0.4552 0.6463 0.6124
vn -0.7998 0.6002 -0.0032
vn -0.5590 0.7722 -0.3020
vn -0.5424 0.7315 0.4132
vn -0.5782 0.8159 0.0036
vn -0.7428 0.6646 0.0812
vn -0.1009 0.9299 0.3538
vn 0.2590 0.7925 0.5522
vn -0.1601 0.8768 0.4535
vn -0.1677 0.9583 -0.2314
vn -0.0997 0.9216 -0.3752
vn -0.0599 0.9471 -0.3152
vn -0.7131 0.5986 0.3650
vn -0.6783 0.6528 0.3374
vn 0.6048 0.5789 0.5469
vn 0.8610 0.4070 0.3049
vn 0.6125 0.5422 0.5752
vn 0.5301 0.6282 -0.5696
vn 0.4836 0.7276 -0.4865
vn 0.1530 0.6644 -0.7315
vn 0.2080 0.5649 -0.7985
vn -0.1696 0.4525 -0.8755
vn -0.2407 0.5449 -0.8032
vn -0.5346 0.8138 -0.2279
vn -0.7213 0.6840 0.1087
vn -0.6575 0.6983 -0.2829
vn -0.2850 0.6001 -0.7474
vn 0.0855 0.7660 -0.6372
vn -0.5325 0.8120 -0.2391
vn 0.6851 0.7215 -0.0999
vn 0.4580 0.8564 0.2381
vn 0.3911 0.9115 0.1273
vn -0.3406 0.6663 -0.6633
vn 0.2608 0.9143 -0.3101
vn -0.1159 0.8554 -0.5049
vn 0.1701 0.9534 -0.2493
vn -0.3947 0.7265 -0.5625
vn -0.0497 0.9088 -0.4143
vn 0.2879 0.9405 -0.1806
vn -0.7405 0.5556 -0.3781
vn -0.4646 0.5985 -0.6526
vn -0.4362 0.6531 -0.6191
vn 0.8261 0.4287 0.3659
vn 0.5589 0.5444 0.6255
vn 0.7341 0.6563 -0.1742
vn 0.6380 0.7536 -0.1581
vn 0.5593 0.6239 -0.5458
vn 0.6511 0.5289 -0.5444
vn 0.4286 0.3561 -0.8304
vn 0.3218 0.4420 -0.8373
vn -0.3330 0.7514 -0.5696
vn -0.6739 0.6487 -0.3536
vn 0.2482 0.4940 -0.8333
vn 0.4400 0.7209 -0.5355
vn -0.2016 0.8759 -0.4383
vn -0.2567 0.8075 -0.5310
vn -0.5514 0.6455 0.5285
vn -0.5506 0.8233 0.1381
vn -0.4367 0.8769 0.2008
vn 0.1468 0.5571 -0.8173
vn -0.0439 0.9415 0.3342
vn 0.3051 0.7897 0.5323
vn -0.0969 0.8890 0.4476
vn 0.2328 0.9470 -0.2213
vn 0.3465 0.9321 -0.1051
vn 0.2755 0.9569 -0.0915
vn 0.1134 0.5651 0.8172
vn -0.2744 0.5814 0.7659
vn -0.2689 0.6365 0.7229
vn 0.7915 0.4096 -0.4536
vn 0.8778 0.4727 -0.0773
vn 0.6779 0.6604 0.3229
vn 0.5867 0.7572 0.2872
vn 0.7493 0.6570 -0.0828
vn 0.8149 0.4121 -0.4076
vn 0.7285 0.4993 -0.4690
vn -0.1757 0.7749 0.6072
vn 0.2445 0.7139 0.6562
vn 0.1795 0.6224 0.7618
vn 0.5925 0.7765 0.2143
vn 0.8313 0.5525 -0.0607
vn 0.6698 0.6776 0.3036
vn 0.6642 0.5516 -0.5046
vn 0.3876 0.7591 0.5230
vn -0.0257 0.8698 0.4927
vn 0.0335 0.9253 0.3777
vn 0.5699 0.6143 -0.5457
vn 0.0575 0.9249 0.3759
vn 0.1149 0.8671 0.4847
vn 0.2848 0.9585 0.0155
vn 0.4595 0.6718 -0.5810
vn 0.3949 0.8893 -0.2307
vn 0.2449 0.9584 0.1465
vn -0.3656 0.6041 -0.7081
vn -0.3420 0.6584 -0.6705
vn -0.2996 0.6076 -0.7356
vn -0.6481 0.4356 -0.6247
vn -0.3122 0.5700 -0.7600
vn 0.4260 0.6453 0.6341
vn 0.3547 0.7427 0.5679
vn 0.7235 0.5799 0.3746
vn 0.8863 0.4623 0.0269
vn 0.1722 0.7643 0.6214
vn 0.5317 0.5355 0.6561
vn 0.1421 0.6638 0.7343
vn 0.4992 0.8585 0.1177
vn 0.7866 0.6062 -0.1177
vn -0.2282 0.6842 -0.6927
vn -0.3641 0.8871 -0.2838
vn -0.4891 0.7899 -0.3700
vn 0.7169 0.6701 -0.1924
vn -0.3720 0.9273 -0.0422
vn -0.3542 0.8543 0.3803
vn -0.4931 0.8698 -0.0187
vn 0.1936 0.9597 0.2039
vn 0.6305 0.7279 -0.2693
vn 0.4052 0.9138 0.0287
vn 0.1484 0.9225 0.3563
vn 0.0999 0.9477 0.3030
vn -0.8334 0.5463 0.0838
vn -0.7475 0.5951 -0.2952
vn -0.7061 0.6499 -0.2812
vn 0.0747 0.5782 0.8125
vn 0.4252 0.4024 0.8107
vn 0.0606 0.5416 0.8384
vn 0.0632 0.6740 0.7361
vn 0.0581 0.7690 0.6366
vn 0.7596 0.3824 0.5261
vn 0.5934 0.7429 0.3098
vn 0.6319 0.7664 -0.1152
vn 0.7415 0.6671 -0.0719
vn 0.6038 0.7559 -0.2529
vn 0.6136 0.5102 -0.6027
vn 0.7191 0.6571 -0.2262
vn 0.7836 0.5168 0.3448
vn -0.1713 0.8710 0.4605
vn 0.1822 0.7149 0.6751
vn -0.2180 0.8034 0.5542
vn 0.6715 0.5771 0.4648
vn 0.3528 0.8409 0.4103
vn 0.7799 0.5777 0.2408
vn -0.1966 0.9193 0.3410
vn 0.1991 0.8481 0.4910
vn -0.2223 0.8595 0.4602
vn 0.1703 0.9560 0.2391
vn 0.0405 0.9407 0.3368
vn 0.0360 0.9638 0.2641
vn 0.7777 0.6019 -0.1811
vn -0.8417 0.4396 0.3135
vn -0.8333 0.5493 -0.0619
vn -0.3010 0.6520 0.6959
vn -0.2800 0.7490 0.6005
vn 0.1090 0.6752 0.7296
vn 0.4533 0.4522 0.7681
vn 0.5009 0.5414 0.6753
vn -0.0303 0.4400 0.8975
vn 0.5270 0.5945 0.6073
vn -0.6471 0.7418 0.1763
vn -0.5533 0.8011 -0.2285
vn 0.6390 0.7682 -0.0404
vn 0.3832 0.8800 0.2808
vn 0.3186 0.9344 0.1594
vn 0.5553 0.6579 0.5088
vn 0.1970 0.8464 -0.4948
vn -0.2411 0.8247 -0.5116
vn 0.2211 0.7801 -0.5853
vn -0.0503 0.9610 0.2721
vn -0.2045 0.9272 0.3138
vn -0.1841 0.9520 0.2445
vn -0.6634 0.6102 -0.4331
vn -0.8396 0.5422 0.0324
vn -0.8754 0.3256 0.3574
vn -0.8620 0.5068 0.0109
vn -0.6198 0.6775 0.3959
vn -0.4308 0.5420 0.7216
vn -0.1369 0.3577 0.9237
vn 0.4777 0.7525 0.4533
vn -0.0913 0.7874 0.6096
vn 0.2457 0.5826 0.7747
vn -0.1532 0.6878 0.7096
vn 0.0402 0.4895 0.8711
vn -0.1452 0.8246 0.5468
vn -0.7128 0.6655 0.2214
vn -0.5427 0.8286 -0.1371
vn -0.4654 0.8844 -0.0337
vn 0.1339 0.5495 0.8247
vn 0.2638 0.9144 -0.3072
vn 0.3090 0.8534 -0.4198
vn -0.1186 0.9508 0.2862
vn -0.2631 0.9414 0.2110
vn -0.1990 0.9640 0.1762
vn -0.7433 0.6690 -0.0075
vn -0.6445 0.7646 -0.0006
vn -0.6624 0.6365 0.3952
vn -0.7528 0.5429 0.3722
vn -0.6075 0.3687 0.7035
vn -0.5040 0.4530 0.7354
vn -0.5451 0.7640 -0.3451
vn 0.5221 0.7749 0.3564
vn 0.8227 0.5468 0.1554
vn 0.5724 0.6762 0.4637
vn -0.4308 0.5038 0.7488
vn -0.4590 0.8705 0.1778
vn -0.2855 0.7730 0.5665
vn -0.5472 0.8019 0.2397
vn -0.3274 0.5653 0.7572
vn -0.2627 0.9521 0.1565
vn -0.2113 0.6221 0.7539
vn -0.2765 0.8642 0.4203
vn -0.2732 0.9618 0.0203
vn -0.0100 0.5740 -0.8188
vn 0.3708 0.5767 -0.7279
vn 0.3628 0.6321 -0.6847
vn -0.6569 0.3221 0.6818
vn -0.7821 0.5079 0.3610
vn -0.6286 0.6682 -0.3981
vn -0.8728 0.3905 0.2929
vn -0.6147 0.7481 -0.2499
vn -0.7551 0.6431 0.1278
vn -0.7405 0.5270 0.4170
vn -0.5454 0.8292 -0.1221
vn -0.2340 0.8802 -0.4128
vn -0.1817 0.9379 -0.2956
vn -0.6544 0.5887 0.4745
vn 0.1916 0.8646 -0.4646
vn -0.2909 0.9565 -0.0228
vn -0.2927 0.9381 -0.1850
vn -0.2314 0.9618 -0.1461
vn 0.7444 0.5474 0.3823
vn 0.4642 0.6010 0.6506
vn 0.4376 0.6555 0.6154
vn 0.4809 0.3087 -0.8206
vn 0.6817 0.4934 -0.5402
vn -0.8941 0.4141 -0.1709
vn -0.8622 0.5016 -0.0702
vn 0.0739 0.6782 -0.7312
vn 0.7061 0.5333 -0.4659
vn -0.8325 0.5541 -0.0032
vn -0.4215 0.8774 0.2290
vn -0.2874 0.7313 0.6185
vn -0.5190 0.8094 0.2749
vn -0.7821 0.6171 0.0864
vn -0.1136 0.9918 0.0585
vn -0.2328 0.8625 0.4493
vn -0.2439 0.9690 0.0398
vn -0.2143 0.9583 -0.1892
vn -0.1394 0.9330 -0.3319
vn -0.1033 0.9575 -0.2693
vn -0.6666 0.6144 -0.4222
vn 0.3680 0.7275 -0.5790
vn -0.3478 0.4437 -0.8259
vn -0.3651 0.8888 0.2769
vn -0.4396 0.6369 0.6333
vn -0.4976 0.8287 0.2560
vn -0.4363 0.5915 -0.6781
vn -0.1690 0.8629 -0.4762
vn -0.2312 0.7933 -0.5633
vn -0.4743 0.6579 -0.5850
vn 0.1067 0.9526 -0.2848
vn 0.2361 0.9413 -0.2413
vn -0.5619 0.6112 0.5574
vn -0.1895 0.3800 0.9054
vn -0.4798 0.5354 0.6951
vn 0.4476 0.4693 -0.7612
vn 0.3463 0.5614 -0.7516
vn 0.8770 0.4788 -0.0414
vn 0.7038 0.6434 0.3012
vn 0.3552 0.8592 -0.3682
vn 0.2762 0.6162 -0.7375
vn 0.3182 0.7397 -0.5930
vn 0.1789 0.6817 -0.7094
vn -0.3974 0.8826 -0.2513
vn 0.2908 0.9552 -0.0556
vn 0.0718 0.7409 -0.6678
vn 0.2339 0.9162 -0.3255
vn 0.4036 0.9133 0.0546
vn 0.3344 0.9396 0.0732
vn 0.1204 0.5322 0.8380
vn -0.2455 0.6292 0.7374
vn -0.2229 0.6817 0.6968
vn 0.9250 0.3267 0.1939
vn 0.7216 0.5049 0.4737
vn 0.5536 0.6551 0.5142
vn 0.8022 0.5564 0.2165
vn 0.9014 0.4086 -0.1434
vn -0.2257 0.7766 0.5881
vn 0.2117 0.7427 0.6353
vn 0.1526 0.6577 0.7376
vn 0.7872 0.5493 -0.2802
vn -0.3920 0.8799 -0.2684
vn -0.4843 0.8123 -0.3251
vn 0.7098 0.6128 -0.3473
vn 0.2717 0.9567 0.1049
vn 0.1945 0.9564 0.2180
vn -0.9022 0.3545 0.2456
vn -0.8463 0.5226 -0.1032
vn 0.2502 0.6485 0.7189
vn 0.1996 0.7458 0.6356
vn 0.8521 0.4571 0.2550
vn -0.4029 0.7141 -0.5724
vn -0.5507 0.8142 -0.1840
vn -0.6550 0.7161 -0.2411
vn 0.7950 0.6002 0.0882
vn 0.0962 0.8196 0.5648
vn -0.1392 0.7593 0.6357
vn -0.2493 0.9327 0.2605
vn -0.1132 0.9577 0.2646
vn 0.7478 0.6639 -0.0025
vn 0.1413 0.9603 0.2405
vn 0.0248 0.9499 0.3116
vn 0.3137 0.6017 0.7346
vn -0.0693 0.6825 0.7276
vn -0.0605 0.7320 0.6787
vn -0.7321 0.6185 -0.2855
vn -0.8589 0.5075 0.0686
vn -0.7558 0.5812 -0.3016
vn 0.4693 0.3348 0.8171
vn 0.5408 0.4149 0.7317
vn -0.8712 0.4904 -0.0213
vn 0.5822 0.4634 0.6680
vn -0.3329 0.8034 -0.4937
vn 0.3282 0.6864 -0.6490
vn 0.4714 0.8382 -0.2742
vn 0.3431 0.8942 -0.2874
vn 0.6303 0.5223 0.5744
vn 0.0183 0.9273 0.3739
vn 0.4226 0.8695 0.2556
vn 0.0854 0.8678 0.4896
vn 0.1168 0.9450 0.3054
vn -0.0135 0.9634 0.2676
vn -0.7188 0.6098 -0.3338
vn -0.6791 0.6638 -0.3134
vn -0.8900 0.4052 -0.2093
vn -0.6736 0.5377 -0.5071
vn -0.5332 0.6343 0.5598
vn -0.4921 0.7317 0.4716
vn 0.1794 0.4910 0.8525
vn -0.6004 0.7497 0.2783
vn -0.3872 0.6749 0.6281
vn 0.2868 0.6369 0.7156
vn 0.4508 0.7816 -0.4312
vn -0.6171 0.7422 -0.2615
vn -0.2769 0.8086 -0.5191
vn -0.2622 0.8878 -0.3782
vn 0.3381 0.7013 0.6276
vn 0.2026 0.9321 0.3002
vn 0.5611 0.8226 0.0916
vn -0.1919 0.9570 0.2173
vn -0.3489 0.9125 0.2138
vn -0.3111 0.9381 0.1525
vn 0.7195 0.6062 0.3388
vn -0.6999 0.6468 -0.3029
vn -0.8170 0.5736 0.0589
vn -0.7223 0.6125 -0.3211
vn -0.4997 0.8662 -0.0060
vn -0.3876 0.9217 0.0128
vn -0.4584 0.7943 0.3987
vn -0.5791 0.7314 0.3601
vn -0.4673 0.8371 0.2844
vn -0.5522 0.5673 0.6109
vn -0.6010 0.7583 0.2527
vn -0.5342 0.8010 0.2702
vn -0.4432 0.6310 0.6367
vn -0.5416 0.5796 0.6089
vn -0.5915 0.7602 -0.2688
vn -0.2230 0.9354 0.2744
vn -0.3649 0.6749 0.6414
vn -0.3745 0.8898 0.2609
vn -0.4109 0.8539 0.3195
vn -0.4624 0.7844 0.4134
vn -0.4388 0.6603 0.6095
vn -0.3972 0.8808 0.2576
vn -0.2955 0.9163 0.2702
vn -0.2559 0.7212 0.6437
vn -0.3619 0.6783 0.6395
vn -0.0770 0.9970 -0.0126
vn -0.1442 0.7586 0.6354
vn -0.1316 0.9568 0.2594
vn -0.1155 0.8817 0.4574
vn -0.1328 0.9896 0.0549
vn -0.0557 0.9962 0.0664
vn -0.6909 0.6131 0.3831
vn -0.6504 0.6685 0.3607
vn 0.8215 0.5693 -0.0332
vn 0.8359 0.3930 -0.3832
vn 0.8463 0.5324 -0.0178
vn -0.8390 0.3728 0.3964
vn -0.6953 0.5096 0.5068
vn 0.4290 0.8655 0.2586
vn 0.5310 0.7958 0.2911
vn -0.6041 0.5718 0.5551
vn 0.5483 0.7689 0.3289
vn -0.3048 0.9521 0.0254
vn -0.4964 0.6294 0.5979
vn -0.4230 0.8672 0.2629
vn -0.2599 0.9601 -0.1037
vn -0.5398 0.5665 -0.6226
vn -0.4960 0.6193 -0.6086
vn 0.6256 0.3687 0.6876
vn 0.2991 0.5695 0.7656
vn -0.3876 0.6538 -0.6499
vn -0.7104 0.5523 -0.4362
vn -0.9075 0.4024 -0.1202
vn -0.2797 0.6689 -0.6887
vn -0.4532 0.8256 -0.3362
vn -0.5628 0.7274 -0.3925
vn -0.8384 0.5433 0.0439
vn -0.4672 0.8841 0.0092
vn -0.5760 0.8173 0.0148
vn 0.6632 0.5972 0.4511
vn 0.3379 0.8531 0.3975
vn -0.7839 0.6070 0.1306
vn 0.3500 0.9280 0.1274
vn 0.4711 0.8697 0.1473
vn -0.2370 0.9554 -0.1763
vn -0.1698 0.9310 -0.3231
vn -0.1306 0.9560 -0.2625
vn -0.7882 0.6153 -0.0109
vn 0.9333 0.3430 0.1061
vn 0.7548 0.5114 0.4108
vn 0.0239 0.5803 -0.8141
vn -0.3646 0.5919 -0.7189
vn -0.6837 0.5509 -0.4787
vn 0.6415 0.7474 0.1728
vn -0.6357 0.7036 -0.3176
vn 0.0481 0.8861 0.4609
vn 0.0544 0.8199 0.5699
vn -0.5968 0.7702 -0.2250
vn 0.3129 0.9241 0.2195
vn 0.5046 0.8490 -0.1569
vn 0.0903 0.9306 -0.3548
vn 0.2148 0.8922 -0.3973
vn 0.4592 0.5909 0.6633
vn 0.4969 0.4178 -0.7606
vn 0.7096 0.5380 -0.4550
vn 0.7375 0.6494 0.1853
vn 0.8043 0.5599 -0.1990
vn 0.7105 0.4211 -0.5638
vn 0.5436 0.5636 -0.6220
vn 0.6471 0.6880 0.3284
vn 0.7053 0.6533 -0.2752
vn 0.4779 0.8784 -0.0072
vn 0.4431 0.6277 -0.6401
vn -0.2607 0.9581 0.1184
vn -0.2385 0.8122 0.5324
vn -0.3718 0.9229 0.1002
vn 0.2895 0.9569 -0.0214
vn 0.2790 0.9534 0.1151
vn 0.7290 0.5902 0.3467
vn 0.6865 0.6449 0.3358
vn 0.4651 0.3934 0.7930
vn 0.1012 0.5279 0.8433
vn 0.3792 0.7530 0.5377
vn 0.9185 0.3914 0.0559
vn 0.3815 0.7194 0.5804
vn 0.6750 0.6785 0.2898
vn 0.7187 0.5702 0.3978
vn 0.4662 0.7696 0.4363
vn 0.7858 0.5700 0.2399
vn 0.5149 0.6642 0.5420
vn 0.8406 0.5313 -0.1049
vn 0.3145 0.8398 0.4425
vn 0.6876 0.6689 0.2823
vn 0.3593 0.7670 0.5316
vn 0.4318 0.7100 -0.5562
vn 0.3801 0.9050 -0.1909
vn 0.7815 0.5948 -0.1886
vn 0.2603 0.9540 0.1491
vn 0.1598 0.9570 0.2421
vn -0.4126 0.5992 -0.6861
vn -0.6916 0.4968 -0.5244
vn -0.3732 0.5534 -0.7446
vn -0.5765 0.7583 0.3044
vn -0.3986 0.6357 0.6611
vn 0.9005 0.4261 0.0869
vn 0.7021 0.5804 0.4126
vn -0.4891 0.8154 -0.3096
vn -0.4831 0.8230 0.2987
vn -0.4308 0.8943 -0.1211
vn -0.3144 0.9472 -0.0622
vn 0.4287 0.2905 0.8555
vn 0.0973 0.4985 0.8614
vn -0.2308 0.6838 0.6922
vn 0.1173 0.5437 0.8310
vn 0.4705 0.3541 0.8082
vn 0.5930 0.7288 0.3423
vn 0.6466 0.7585 -0.0808
vn 0.7532 0.6568 -0.0353
vn -0.5107 0.7893 0.3409
vn -0.4084 0.5842 0.7014
vn -0.6264 0.6886 0.3653
vn 0.5788 0.4837 0.6565
vn -0.2429 0.7888 0.5646
vn 0.6048 0.6132 0.5080
vn 0.2268 0.7889 0.5711
vn 0.2966 0.8505 0.4343
vn 0.6244 0.5427 0.5618
vn 0.0984 0.9507 0.2942
vn -0.0327 0.9657 0.2577
vn 0.8310 0.4638 0.3070
vn -0.1314 0.4010 -0.9066
vn 0.2282 0.5273 -0.8185
vn -0.1499 0.4511 0.8798
vn -0.0534 0.5401 0.8399
vn 0.7295 0.5299 -0.4324
vn -0.1746 0.8541 0.4899
vn 0.0106 0.5932 0.8050
vn -0.2186 0.9749 0.0427
vn -0.3561 0.8296 0.4300
vn -0.3360 0.9415 0.0260
vn -0.5099 0.8445 0.1640
vn -0.4368 0.8636 -0.2519
vn -0.3175 0.9309 -0.1807
vn 0.0960 0.6565 0.7482
vn -0.2124 0.9611 0.1766
vn 0.1860 0.7138 0.6752
vn -0.0716 0.9088 0.4111
vn -0.3570 0.9277 0.1087
vn -0.2967 0.9525 0.0690
vn -0.6930 0.5782 0.4307
vn -0.7998 0.5978 0.0545
vn -0.7570 0.6521 0.0426
vn 0.8303 0.5573 0.0045
vn 0.8543 0.3864 -0.3476
vn 0.8541 0.5198 0.0202
vn -0.7984 0.3953 0.4541
vn -0.7104 0.4837 0.5113
vn -0.0423 0.8184 0.5730
vn 0.3471 0.6865 0.6390
vn -0.6452 0.5369 0.5436
vn 0.3465 0.7817 -0.5186
vn 0.6026 0.7799 0.1695
vn -0.5499 0.6011 0.5799
vn -0.3019 0.9533 0.0062
vn -0.2693 0.9547 -0.1268
vn 0.7251 0.5735 0.3813
vn 0.6838 0.6290 0.3699
vn 0.4313 0.3094 0.8475
vn 0.0954 0.5097 0.8550
vn -0.3742 0.7507 -0.5444
vn -0.9113 0.4093 -0.0455
vn -0.8274 0.5505 0.1112
vn -0.4241 0.8769 0.2264
vn -0.2530 0.7522 0.6084
vn -0.5158 0.8076 0.2859
vn -0.7653 0.6142 0.1925
vn 0.5207 0.8535 0.0206
vn -0.2436 0.9563 -0.1620
vn -0.1449 0.9555 -0.2569
vn -0.0017 0.5261 -0.8504
vn -0.8383 0.3464 0.4210
vn -0.8576 0.5100 0.0662
vn 0.3419 0.7307 -0.5909
vn -0.0436 0.6734 -0.7380
vn -0.3956 0.4651 -0.7919
vn -0.0335 0.6798 -0.7326
vn -0.4360 0.5703 -0.6962
vn -0.3876 0.4791 -0.7876
vn -0.0973 0.8543 -0.5107
vn -0.4570 0.6124 -0.6451
vn -0.0629 0.7729 -0.6314
vn 0.0893 0.8603 0.5019
vn 0.5015 0.7730 0.3885
vn 0.1365 0.7902 0.5974
vn -0.1008 0.8462 -0.5232
vn -0.4869 0.6769 -0.5520
vn -0.4602 0.5991 -0.6552
vn 0.1066 0.9552 -0.2760
vn -0.5213 0.7370 -0.4302
vn -0.1495 0.9147 -0.3755
vn 0.2382 0.9406 -0.2419
vn 0.5499 0.5729 -0.6078
vn 0.0194 0.3101 0.9505
vn -0.2950 0.4992 0.8147
vn 0.8156 0.4376 -0.3785
vn 0.2155 0.7292 -0.6495
vn -0.2118 0.8206 -0.5308
vn -0.2149 0.7372 -0.6405
vn 0.5221 0.8436 -0.1255
vn 0.6654 0.5851 -0.4635
vn 0.2327 0.8645 0.4456
vn 0.3079 0.7953 0.5222
vn 0.5713 0.6515 -0.4991
vn 0.2911 0.9526 0.0887
vn 0.4612 0.7122 -0.5293
vn 0.3997 0.9021 -0.1627
vn 0.3185 0.9156 0.2453
vn 0.2519 0.9425 0.2195
vn 0.3309 0.5224 -0.7859
vn -0.9280 0.3603 -0.0945
vn -0.7521 0.5193 -0.4057
vn -0.2542 0.7354 0.6282
vn -0.3917 0.7149 0.5793
vn -0.2999 0.4032 0.8646
vn -0.5195 0.6240 0.5837
vn 0.4323 0.8547 0.2874
vn 0.5321 0.7830 0.3223
vn 0.7454 0.6270 0.2265
vn 0.4010 0.8369 0.3727
vn 0.4128 0.8789 0.2390
vn 0.4675 0.8747 -0.1277
vn -0.5504 0.5800 0.6006
vn -0.5345 0.4024 0.7433
vn -0.7225 0.5416 0.4297
vn 0.6529 0.4104 0.6367
vn 0.6960 0.4847 0.5297
vn -0.7412 0.6514 0.1624
vn 0.7173 0.5287 0.4539
vn -0.4859 0.7734 0.4073
vn -0.5984 0.8012 0.0036
vn 0.7366 0.5806 0.3469
vn -0.1384 0.8897 -0.4350
vn -0.2456 0.8329 -0.4960
vn 0.1535 0.9692 0.1929
vn 0.0063 0.9647 0.2633
vn 0.0171 0.9817 0.1897
vn -0.2517 0.6312 0.7336
vn -0.3677 0.4137 -0.8328
vn 0.0037 0.5362 -0.8441
vn -0.6649 0.6613 0.3473
vn -0.4888 0.5397 0.6854
vn -0.1995 0.3709 0.9070
vn -0.4096 0.6690 0.6203
vn -0.1050 0.5072 0.8554
vn -0.2079 0.4238 0.8816
vn -0.2613 0.8555 0.4470
vn -0.1245 0.5973 0.7923
vn -0.3804 0.7745 0.5053
vn -0.4021 0.8127 0.4217
vn -0.3234 0.7553 0.5701
vn -0.1033 0.5227 0.8462
vn -0.1987 0.4438 0.8738
vn -0.1739 0.9521 0.2516
vn 0.1640 0.6347 0.7552
vn -0.0576 0.8695 0.4906
vn -0.0536 0.8661 0.4969
vn -0.3094 0.9346 0.1756
vn -0.2438 0.9591 0.1438
vn 0.9278 0.3598 -0.0987
vn 0.8192 0.5202 0.2413
vn -0.6622 0.7491 0.0185
vn -0.6032 0.6754 0.4242
vn -0.4838 0.4521 0.7493
vn -0.6011 0.7099 0.3670
vn -0.3834 0.5976 0.7042
vn -0.4854 0.5126 0.7083
vn -0.2932 0.7807 0.5519
vn -0.0905 0.5905 0.8019
vn -0.4271 0.6554 0.6229
vn -0.3833 0.8705 0.3087
vn -0.3405 0.6389 0.6898
vn 0.4269 0.8050 0.4120
vn -0.0030 0.5711 0.8208
vn -0.2632 0.7880 0.5566
vn -0.1338 0.8385 0.5283
vn -0.4299 0.8274 0.3614
vn -0.2914 0.6377 0.7131
vn -0.3905 0.5661 0.7260
vn -0.3310 0.9306 0.1562
vn -0.1510 0.8337 0.5312
vn -0.4360 0.8696 0.2318
vn -0.2657 0.9610 0.0770
vn -0.0948 0.7152 0.6925
vn -0.2282 0.9093 0.3481
vn -0.3010 0.9520 -0.0550
vn 0.0653 0.6206 0.7814
vn 0.2667 0.4456 -0.8546
vn 0.5639 0.5451 -0.6204
vn -0.4258 0.5356 -0.7293
vn -0.2902 0.6648 -0.6883
vn -0.6043 0.6980 -0.3841
vn -0.4310 0.5817 -0.6898
vn -0.5821 0.7444 -0.3272
vn -0.6506 0.6727 -0.3524
vn -0.5856 0.7712 -0.2497
vn -0.7450 0.6573 0.1140
vn -0.6747 0.6824 -0.2813
vn -0.6049 0.7597 -0.2389
vn -0.6582 0.7320 0.1758
vn -0.7545 0.6439 0.1265
vn -0.4703 0.8502 -0.2364
vn -0.7472 0.6602 0.0763
vn -0.5769 0.7582 -0.3038
vn 0.1669 0.7982 0.5788
vn -0.4005 0.8769 -0.2656
vn -0.5766 0.8091 0.1129
vn -0.6685 0.7405 0.0692
vn -0.1681 0.8105 0.5610
vn -0.1170 0.9142 -0.3880
vn -0.4742 0.8588 0.1942
vn -0.2914 0.9408 -0.1731
vn -0.3238 0.9397 -0.1101
vn -0.1411 0.8672 -0.4775
vn -0.0801 0.8949 -0.4389
vn 0.2742 0.5942 0.7561
vn 0.7556 0.3716 -0.5394
vn 0.8313 0.5234 -0.1869
vn 0.1892 0.7043 -0.6842
vn 0.2019 0.7917 -0.5766
vn -0.2124 0.7640 -0.6093
vn 0.1458 0.7426 -0.6537
vn -0.2564 0.7693 -0.5852
vn -0.2475 0.6850 -0.6852
vn -0.2916 0.7446 -0.6005
vn -0.6444 0.5033 -0.5757
vn -0.2849 0.6483 -0.7060
vn -0.2655 0.7130 -0.6490
vn -0.6314 0.6194 -0.4666
vn -0.6223 0.5384 -0.5682
vn -0.2451 0.8292 -0.5023
vn -0.6446 0.6065 -0.4654
vn -0.2619 0.7482 -0.6096
vn -0.3228 0.9441 0.0671
vn -0.3577 0.7885 0.5003
vn -0.4299 0.9006 0.0637
vn -0.2369 0.8343 -0.4978
vn -0.6126 0.7070 -0.3532
vn -0.6405 0.6142 -0.4609
vn 0.0260 0.9424 -0.3334
vn -0.6224 0.7519 -0.2172
vn -0.2472 0.9170 -0.3130
vn -0.2466 0.9157 -0.3172
vn 0.1586 0.8970 -0.4126
vn 0.1643 0.9256 -0.3411
vn -0.6985 0.6327 -0.3343
vn -0.5193 0.5362 -0.6655
vn -0.4630 0.5634 -0.6842
vn -0.3162 0.3923 -0.8638
vn 0.0526 0.5223 -0.8511
vn 0.7954 0.4431 -0.4136
vn -0.0693 0.7803 -0.6216
vn -0.4307 0.5714 -0.6986
vn -0.0310 0.6794 -0.7331
vn 0.6401 0.5871 -0.4956
vn 0.5770 0.8002 0.1636
vn 0.5438 0.6515 -0.5290
vn 0.2796 0.9580 0.0634
vn 0.2450 0.9496 0.1956
vn 0.5883 0.6006 0.5415
vn 0.9083 0.4120 0.0723
vn 0.7386 0.5430 0.3995
vn 0.2075 0.6173 0.7588
vn 0.1599 0.7196 0.6757
vn 0.5430 0.6574 0.5225
vn 0.1990 0.6069 0.7695
vn 0.5299 0.6565 0.5369
vn 0.5585 0.5588 0.6130
vn 0.8217 0.4621 0.3335
vn 0.8157 0.4700 0.3372
vn -0.4785 0.7822 0.3990
vn -0.3225 0.9463 0.0247
vn -0.3394 0.8365 0.4302
vn 0.3904 0.8687 0.3048
vn 0.7532 0.6363 0.1667
vn 0.4512 0.7859 0.4228
vn 0.2362 0.7897 -0.5662
vn -0.2051 0.7549 -0.6230
vn 0.2279 0.7144 -0.6616
vn 0.3941 0.8643 0.3125
vn 0.7064 0.7036 0.0768
vn 0.7528 0.6369 0.1665
vn 0.0474 0.9677 0.2474
vn 0.6304 0.7739 -0.0604
vn 0.3090 0.9389 0.1517
vn 0.3450 0.9304 0.1240
vn -0.0023 0.9350 0.3546
vn -0.0325 0.9576 0.2863
vn -0.3095 0.5977 0.7395
vn -0.9197 0.3537 -0.1707
vn -0.7194 0.5161 -0.4649
vn 0.4903 0.4442 0.7499
vn 0.5535 0.5900 0.5878
vn 0.6221 0.7828 -0.0116
vn 0.5757 0.6554 0.4890
vn -0.0453 0.9555 0.2914
vn 0.5901 0.7149 0.3751
vn 0.2189 0.9053 0.3640
vn -0.1803 0.9455 0.2711
vn -0.5613 0.8273 -0.0235
vn 0.7839 0.5118 -0.3516
vn 0.8199 0.5715 0.0334
vn -0.7309 0.6765 0.0903
vn -0.6220 0.7797 0.0718
vn -0.5704 0.6709 0.4739
vn -0.7380 0.6702 0.0788
vn -0.5973 0.6555 0.4620
vn -0.6785 0.5713 0.4618
vn -0.5468 0.5960 0.5881
vn -0.4068 0.3175 0.8566
vn -0.6321 0.5092 0.5840
vn -0.5493 0.5921 0.5896
vn -0.2946 0.4034 0.8663
vn -0.4084 0.3112 0.8581
vn -0.2491 0.8072 -0.5351
vn -0.6278 0.6006 -0.4950
vn -0.2533 0.7144 -0.6523
vn -0.2329 0.8006 0.5520
vn -0.2213 0.4593 0.8603
vn -0.3760 0.7316 0.5687
vn -0.3423 0.7653 -0.5451
vn -0.1176 0.5172 0.8477
vn -0.2216 0.4589 0.8604
vn 0.6252 0.7651 0.1541
vn 0.3137 0.8461 0.4309
vn -0.1826 0.9436 0.2761
vn -0.1367 0.8373 0.5294
vn -0.2968 0.9415 0.1595
vn -0.2246 0.9633 0.1473
vn 0.7810 0.5948 0.1903
vn -0.6337 0.5090 0.5824
vn -0.4543 0.2880 0.8430
vn -0.6648 0.4781 0.5740
vn -0.8226 0.5595 0.1012
vn -0.6800 0.7051 0.2011
vn 0.5734 0.8060 -0.1468
vn 0.1198 0.6395 0.7594
vn -0.2005 0.8089 0.5528
vn -0.0589 0.8688 0.4917
vn -0.5896 0.7680 0.2502
vn -0.1444 0.9483 -0.2828
vn -0.0770 0.9146 -0.3971
vn -0.5680 0.5499 0.6123
vn 0.1533 0.7338 0.6618
vn -0.3001 0.5858 -0.7529
vn 0.4455 0.3641 0.8179
vn -0.6952 0.4995 0.5169
vn 0.5125 0.5467 0.6621
vn -0.4991 0.8214 0.2762
vn -0.3450 0.9301 -0.1261
vn -0.4488 0.8908 0.0714
vn -0.2579 0.6598 0.7058
vn 0.3091 0.8421 0.4419
vn -0.6419 0.7556 0.1302
vn 0.8177 0.4800 0.3177
vn -0.6452 0.4891 -0.5869
vn -0.1133 0.8275 -0.5499
vn 0.2383 0.7953 0.5573
vn 0.6991 0.7118 0.0674
vn -0.2447 0.8781 -0.4113
vn -0.0945 0.8826 0.4604
vn -0.3655 0.6735 0.6425
vn 0.9162 0.3747 0.1422
vn -0.2066 0.8217 0.5311
vn -0.2542 0.7269 0.6379
vn 0.3481 0.9275 0.1366
vn -0.6392 0.6514 -0.4086
vn -0.7785 0.6208 0.0921
vn -0.2067 0.7235 -0.6586
vn -0.1272 0.8392 0.5287
vn 0.3536 0.7786 0.5185
vn 0.7572 0.6289 0.1763
vn 0.6322 0.7557 0.1712
vn 0.5321 0.5470 0.6462
vn -0.2059 0.8679 0.4521
vn -0.6221 0.7771 0.0958
vn 0.8375 0.5390 -0.0902
vn -0.1393 0.8332 0.5351
vn 0.4422 0.8557 0.2689
vn 0.2367 0.7666 -0.5969
vn -0.2234 0.4559 0.8616
vn -0.4906 0.6706 -0.5563
vn -0.0217 0.6751 0.7374
vn -0.0458 0.8927 0.4483
vn -0.2299 0.8389 0.4934
vn -0.7313 0.5979 -0.3282
vn -0.4563 0.6247 -0.6337
vn -0.3974 0.9176 0.0121
vn -0.1893 0.8426 -0.5041
vn -0.6155 0.7095 0.3432
vn -0.6277 0.6491 -0.4296
vn -0.3995 0.3270 0.8564
vn -0.0209 0.5826 0.8125
vt 0.375060 1.880370
vt 0.312590 1.594030
vt 0.375060 1.594030
vt 0.000240 0.000240
vt 0.015860 0.000240
vt 0.000240 0.171690
vt 0.031480 0.000240
vt 0.062710 0.000240
vt 0.062710 0.171690
vt 0.047100 0.000240
vt 0.627180 0.816600
vt 0.501860 0.674660
vt 0.704320 0.674700
vt 0.078330 0.000240
vt 0.093950 0.000240
vt 0.125180 0.000240
vt 0.125180 0.171690
vt 0.109570 0.000240
vt 0.500000 9.039590
vt 0.250120 8.273030
vt 0.500000 8.273030
vt 0.140800 0.000240
vt 0.156420 0.000240
vt 0.187650 0.000240
vt 0.187650 0.171690
vt 0.172040 0.000240
vt 0.874820 4.664030
vt 0.999760 4.203640
vt 0.999760 4.664030
vt 0.203270 0.000240
vt 0.234500 0.000240
vt 0.250120 0.171690
vt 0.218890 0.000240
vt 0.250120 0.000240
vt 0.624940 4.203640
vt 0.500000 3.771300
vt 0.624940 3.771300
vt 0.265740 0.000240
vt 0.281360 0.000240
vt 0.312590 0.000240
vt 0.312590 0.171690
vt 0.296970 0.000240
vt 0.328210 0.000240
vt 0.343830 0.000240
vt 0.375060 0.000240
vt 0.375060 0.171690
vt 0.359440 0.000240
vt 0.749880 9.039590
vt 0.500000 9.791230
vt 0.390680 0.000240
vt 0.421910 0.000240
vt 0.437530 0.171690
vt 0.406300 0.000240
vt 0.437530 0.000240
vt 0.687410 1.594030
vt 0.624940 1.880370
vt 0.624940 1.594030
vt 0.453150 0.000240
vt 0.484380 0.000240
vt 0.500000 0.171690
vt 0.468770 0.000240
vt 0.500000 0.000240
vt 0.500000 4.664030
vt 0.375060 4.203640
vt 0.500000 4.203640
vt 0.515620 0.000240
vt 0.531230 0.000240
vt 0.562470 0.000240
vt 0.562470 0.171690
vt 0.546850 0.000240
vt 0.999760 8.273030
vt 0.999760 9.039590
vt 0.578090 0.000240
vt 0.609320 0.000240
vt 0.624940 0.171690
vt 0.593700 0.000240
vt 0.624940 0.000240
vt 0.501640 0.498040
vt 0.802020 0.498040
vt 0.640560 0.000240
vt 0.671790 0.000240
vt 0.687410 0.171690
vt 0.656170 0.000240
vt 0.687410 0.000240
vt 0.703030 0.000240
vt 0.734260 0.000240
vt 0.749880 0.171690
vt 0.718640 0.000240
vt 0.749880 0.000240
vt 0.968520 0.000240
vt 0.937290 0.171690
vt 0.952900 0.000240
vt 0.765500 0.000240
vt 0.781110 0.000240
vt 0.812350 0.000240
vt 0.812350 0.171690
vt 0.796730 0.000240
vt 0.250120 9.791230
vt 0.000240 9.039590
vt 0.250120 9.039590
vt 0.827960 0.000240
vt 0.843580 0.000240
vt 0.874820 0.000240
vt 0.874820 0.171690
vt 0.859200 0.000240
vt 0.250120 6.968330
vt 0.500000 6.308500
vt 0.500000 6.968330
vt 0.890430 0.000240
vt 0.921670 0.000240
vt 0.906050 0.000240
vt 0.937290 0.000240
vt 0.125180 2.923450
vt 0.000240 2.570600
vt 0.125180 2.570600
vt 0.984140 0.000240
vt 0.999760 0.171690
vt 0.999760 0.000240
vt 0.500000 0.355580
vt 0.874820 0.355580
vt 0.062710 0.355580
vt 0.125180 0.355580
vt 0.375060 3.771300
vt 0.500000 3.370000
vt 0.125180 3.771300
vt 0.250120 3.370000
vt 0.250120 3.771300
vt 0.437530 1.594030
vt 0.125180 4.203640
vt 0.250120 4.203640
vt 0.937290 0.355580
vt 0.874820 0.551520
vt 0.624940 2.570600
vt 0.500000 2.923450
vt 0.500000 2.570600
vt 0.375060 0.355580
vt 0.562470 0.804270
vt 0.500000 1.034860
vt 0.500000 0.804270
vt 0.187650 0.551520
vt 0.187650 0.355580
vt 0.000240 4.664030
vt 0.000240 4.203640
vt 0.749880 4.203640
vt 0.874820 4.203640
vt 0.562470 0.551520
vt 0.562470 0.355580
vt 0.250120 0.355580
vt 0.312590 0.551520
vt 0.312590 0.355580
vt 0.749880 2.185220
vt 0.749880 2.570600
vt 0.749880 6.968330
vt 0.749880 6.308500
vt 0.749880 7.599540
vt 0.999760 7.599540
vt 0.312590 1.280380
vt 0.375060 1.034860
vt 0.375060 1.280380
vt 0.624940 0.551520
vt 0.624940 0.804270
vt 0.250120 0.804270
vt 0.250120 0.551520
vt 0.250120 2.570600
vt 0.125180 2.185220
vt 0.250120 2.185220
vt 0.749880 0.355580
vt 0.437530 0.804270
vt 0.375060 0.804270
vt 0.874820 2.185220
vt 0.999760 1.880370
vt 0.999760 2.185220
vt 0.749880 3.771300
vt 0.874820 3.771300
vt 0.125180 0.804270
vt 0.062710 0.551520
vt 0.125180 0.551520
vt 0.874820 1.594030
vt 0.812350 1.280380
vt 0.874820 1.280380
vt 0.687410 0.804270
vt 0.624940 1.034860
vt 0.937290 0.551520
vt 0.999760 0.355580
vt 0.999760 0.551520
vt 0.624940 3.370000
vt 0.062710 1.280380
vt 0.000240 1.594030
vt 0.000240 1.280380
vt 0.687410 1.280380
vt 0.687410 1.034860
vt 0.749880 1.880370
vt 0.937290 1.594030
vt 0.999760 1.280380
vt 0.999760 1.594030
vt 0.999760 2.570600
vt 0.812350 1.594030
vt 0.749880 1.280380
vt 0.500000 10.733200
vt 0.312590 0.804270
vt 0.874820 2.570600
vt 0.749880 2.923450
vt 0.999760 0.804270
vt 0.749880 3.370000
vt 0.749880 1.594030
vt 0.937290 1.034860
vt 0.874820 0.804270
vt 0.937290 0.804270
vt 0.500000 0.551520
vt 0.437530 0.355580
vt 0.000240 1.034860
vt 0.062710 1.034860
vt 0.812350 0.804270
vt 0.749880 1.034860
vt 0.749880 0.804270
vt 0.000240 0.551520
vt 0.000240 0.355580
vt 0.562470 1.034860
vt 0.125180 1.034860
vt 0.062710 0.804270
vt 0.437530 1.034860
vt 0.749880 10.733200
vt 0.999760 9.791230
vt 0.999760 10.733200
vt 0.687410 0.551520
vt 0.500000 1.594030
vt 0.437530 1.280380
vt 0.500000 1.280380
vt 0.125180 1.280380
vt 0.749880 0.551520
vt 0.687410 0.355580
vt 0.187650 1.280380
vt 0.125180 1.594030
vt 0.874820 1.034860
vt 0.624940 1.280380
vt 0.812350 0.355580
vt 0.312590 1.034860
vt 0.250120 1.280380
vt 0.250120 1.034860
vt 0.062710 1.594030
vt 0.187650 0.804270
vt 0.812350 0.551520
vt 0.250120 6.308500
vt 0.000240 6.968330
vt 0.000240 6.308500
vt 0.937290 1.280380
vt 0.624940 0.355580
vt 0.250120 1.594030
vt 0.000240 0.804270
vt 0.624940 2.185220
vt 0.500000 1.880370
vt 0.187650 1.034860
vt 0.562470 1.594030
vt 0.562470 1.280380
vt 0.500000 2.185220
vt 0.187650 1.594030
vt 0.437530 0.551520
vt 0.375060 0.551520
vt 0.000240 1.880370
vt 0.624940 4.664030
vt 0.125180 1.880370
vt 0.250120 1.880370
vt 0.500000 5.749730
vt 0.125180 4.664030
vt 0.000240 5.225590
vt 0.624940 2.923450
vt 0.874820 1.880370
vt 0.749880 4.664030
vt 0.999760 1.034860
vt 0.500000 7.599540
vt 0.749880 8.273030
vt 0.999760 2.923450
vt 0.375060 2.923450
vt 0.812350 1.034860
vt 0.375060 2.570600
vt 0.874820 3.370000
vt 0.250120 2.923450
vt 0.125180 3.370000
vt 0.000240 3.771300
vt 0.000240 3.370000
vt 0.874820 2.923450
vt 0.375060 3.370000
vt 0.999760 6.308500
vt 0.749880 5.749730
vt 0.999760 5.749730
vt 0.000240 2.923450
vt 0.999760 3.771300
vt 0.999760 3.370000
vt 0.000240 2.185220
vt 0.353560 0.816600
vt 0.501640 0.816600
vt 0.250120 4.664030
vt 0.999760 5.225590
vt 0.500000 5.225590
vt 0.250120 5.225590
vt 0.375060 4.664030
vt 0.749880 5.225590
vt 0.000240 7.599540
vt 0.271180 0.298180
vt 0.501860 0.298130
vt 0.250120 7.599540
vt 0.999760 6.968330
vt 0.375060 2.185220
vt 0.000240 5.749730
vt 0.250120 5.749730
vt 0.749880 9.791230
vt 0.000240 8.273030
vt 0.000240 10.733200
vt 0.000240 9.791230
vt 0.250120 10.733200
vt 0.125180 10.642330
vt 0.375060 10.642330
vt 0.624940 10.642330
vt 0.874820 10.642330
vt 0.501640 0.137480
vt 0.597550 0.000240
vt 0.643080 0.137490
vt 0.469180 0.000240
vt 0.501640 0.000240
vt 0.821380 0.298050
vt 0.399650 0.137480
vt 0.169220 0.498040
vt 0.325160 0.674630
vt 0.501640 0.998880
vt 0.501980 0.999260
s 1
usemtl Bark_NormalTree
f 179/1/1 165/2/2 166/3/3
f 4/4/4 3/5/5 77/6/6
f 3/5/5 2/7/7 77/6/6
f 6/8/8 1/9/9 5/10/10
f 6/8/8 9/14/14 1/9/9
f 9/14/14 8/15/15 1/9/9
f 11/16/16 7/17/17 10/18/18
f 266/19/19 261/20/20 262/21/21
f 11/16/16 14/22/22 7/17/17
f 14/22/22 13/23/23 7/17/17
f 16/24/24 12/25/25 15/26/26
f 240/27/27 225/28/28 233/29/29
f 16/24/24 19/30/30 12/25/25
f 20/31/31 17/32/32 18/33/33
f 21/34/34 17/32/32 20/31/31
f 230/35/35 221/36/36 222/37/37
f 21/34/34 24/38/38 17/32/32
f 24/38/38 23/39/39 17/32/32
f 26/40/40 22/41/41 25/42/42
f 26/40/40 29/43/43 22/41/41
f 29/43/43 28/44/44 22/41/41
f 31/45/45 27/46/46 30/47/47
f 267/48/48 270/49/49 266/19/19
f 31/45/45 34/50/50 27/46/46
f 35/51/51 32/52/52 33/53/53
f 36/54/54 32/52/52 35/51/51
f 171/55/55 181/56/56 170/57/57
f 36/54/54 39/58/58 32/52/52
f 40/59/59 37/60/60 38/61/61
f 41/62/62 37/60/60 40/59/59
f 237/63/63 228/64/64 229/65/65
f 41/62/62 44/66/66 37/60/60
f 44/66/66 43/67/67 37/60/60
f 46/68/68 42/69/69 45/70/70
f 267/48/48 264/71/71 268/72/72
f 46/68/68 49/73/73 42/69/69
f 50/74/74 47/75/75 48/76/76
f 51/77/77 47/75/75 50/74/74
f 51/77/77 54/80/80 47/75/75
f 55/81/81 52/82/82 53/83/83
f 56/84/84 52/82/82 55/81/81
f 1/9/9 2/7/7 5/10/10
f 56/84/84 59/85/85 52/82/82
f 60/86/86 57/87/87 58/88/88
f 61/89/89 57/87/87 60/86/86
f 78/90/90 72/91/91 79/92/92
f 61/89/89 64/93/93 57/87/87
f 64/93/93 63/94/94 57/87/87
f 66/95/95 62/96/96 65/97/97
f 269/98/98 268/99/72 265/100/99
f 66/95/95 69/101/100 62/96/96
f 69/101/100 68/102/101 62/96/96
f 71/103/102 67/104/103 70/105/104
f 253/106/105 250/107/106 254/108/107
f 71/103/102 74/109/108 67/104/103
f 75/110/109 72/91/91 73/111/110
f 76/112/111 72/91/91 75/110/109
f 202/113/112 200/114/113 193/115/114
f 76/112/111 79/92/92 72/91/91
f 80/116/115 77/117/6 78/90/90
f 4/118/4 77/117/6 80/116/115
f 89/119/116 32/52/52 37/60/60
f 72/91/91 95/120/117 67/104/103
f 82/121/118 7/17/17 83/122/119
f 220/123/120 212/124/121 221/36/36
f 218/125/122 210/126/123 219/127/124
f 167/128/125 179/1/1 166/3/3
f 226/129/126 219/127/124 227/130/127
f 96/131/128 111/132/129 95/120/117
f 220/123/120 227/130/127 219/127/124
f 197/133/130 205/134/131 196/135/132
f 87/136/133 22/41/41 27/46/46
f 121/137/134 137/138/135 120/139/136
f 100/140/137 83/122/119 84/141/138
f 22/41/41 23/39/39 25/42/42
f 226/129/126 233/142/29 225/143/28
f 240/27/27 231/144/139 232/145/140
f 106/146/141 89/119/116 90/147/142
f 22/41/41 85/148/143 17/32/32
f 102/149/144 85/148/143 86/150/145
f 197/133/130 191/151/146 198/152/147
f 255/153/148 250/107/106 251/154/149
f 264/71/71 259/155/150 260/156/151
f 149/157/152 135/158/153 150/159/154
f 121/137/134 107/160/155 122/161/156
f 116/162/157 100/140/137 101/163/158
f 194/164/159 186/165/160 187/166/161
f 62/96/96 93/167/162 57/87/87
f 119/168/163 135/158/153 118/169/164
f 101/163/158 84/141/138 85/148/143
f 192/170/165 184/171/166 185/172/167
f 232/145/140 223/173/168 224/174/169
f 114/175/170 98/176/171 99/177/172
f 174/178/173 157/179/174 158/180/175
f 123/181/176 139/182/177 122/161/156
f 112/183/178 81/184/179 97/185/180
f 222/37/37 212/124/121 213/186/181
f 145/187/182 176/188/183 160/189/184
f 155/190/185 139/182/177 140/191/186
f 191/151/146 181/56/56 182/192/187
f 175/193/188 160/194/184 176/195/183
f 200/196/113 192/170/165 185/172/167
f 173/197/189 156/198/190 157/179/174
f 274/199/191 269/98/98 270/49/49
f 135/158/153 117/200/192 118/169/164
f 199/201/193 207/202/194 198/152/147
f 228/64/64 221/36/36 229/65/65
f 128/203/195 112/183/178 97/185/180
f 213/186/181 207/202/194 214/204/196
f 172/205/197 155/190/185 156/198/190
f 144/206/198 126/207/199 127/208/200
f 105/209/201 88/210/202 89/119/116
f 145/187/182 129/211/203 130/212/204
f 125/213/205 141/214/206 124/215/207
f 82/121/118 97/216/180 81/217/179
f 138/218/208 122/161/156 139/182/177
f 131/219/209 113/220/210 114/175/170
f 136/221/211 150/159/154 135/158/153
f 275/222/212 272/223/213 276/224/214
f 108/225/215 122/161/156 107/160/155
f 168/226/216 151/227/217 152/228/218
f 146/229/219 130/212/204 131/219/209
f 123/181/176 109/230/220 124/215/207
f 92/231/221 57/87/87 93/167/162
f 147/232/222 162/233/223 146/229/219
f 138/218/208 152/228/218 137/138/135
f 119/168/163 105/209/201 120/139/136
f 143/234/224 125/213/205 126/207/199
f 171/55/55 154/235/225 155/190/185
f 94/236/226 109/230/220 93/167/162
f 98/176/171 83/122/119 99/177/172
f 134/237/227 148/238/228 133/239/229
f 161/240/230 146/229/219 162/233/223
f 140/191/186 124/215/207 141/214/206
f 133/239/229 115/241/231 116/162/157
f 126/207/199 110/242/232 111/132/129
f 249/243/233 256/244/234 252/245/235
f 192/170/165 198/152/147 191/151/146
f 159/246/236 143/234/224 144/206/198
f 106/146/141 91/247/237 107/160/155
f 151/227/217 137/138/135 152/228/218
f 165/2/2 150/159/154 166/3/3
f 149/157/152 164/248/238 148/238/228
f 130/212/204 128/249/195 113/220/210
f 190/250/239 180/251/240 181/56/56
f 132/252/241 114/175/170 115/241/231
f 169/253/242 152/228/218 153/254/243
f 159/246/236 174/178/173 158/180/175
f 127/208/200 111/132/129 112/183/178
f 190/250/239 196/135/132 189/255/244
f 115/241/231 99/177/172 100/140/137
f 163/256/245 148/238/228 164/248/238
f 108/225/215 93/167/162 109/230/220
f 170/57/57 153/254/243 154/235/225
f 104/257/246 118/169/164 103/258/247
f 134/237/227 116/162/157 117/200/192
f 153/254/243 139/182/177 154/235/225
f 176/188/183 161/240/230 184/259/166
f 238/260/248 229/65/65 230/35/35
f 162/233/223 163/256/245 177/261/249
f 92/231/221 47/75/75 52/82/82
f 164/248/238 165/2/2 178/262/250
f 95/120/117 62/96/96 67/104/103
f 249/243/233 247/263/251 250/107/106
f 168/226/216 180/251/240 167/128/125
f 234/264/252 244/265/253 233/142/29
f 170/57/57 181/56/56 169/253/242
f 184/171/166 175/193/188 176/195/183
f 172/205/197 182/192/187 171/55/55
f 206/266/254 198/152/147 207/202/194
f 174/178/173 183/267/255 173/197/189
f 174/178/173 175/193/188 183/267/255
f 58/88/88 52/82/82 59/85/85
f 239/268/256 230/35/35 231/144/139
f 118/169/164 102/149/144 103/258/247
f 223/173/168 213/186/181 214/204/196
f 206/266/254 212/124/121 205/134/131
f 129/269/203 127/208/200 128/203/195
f 117/200/192 101/163/158 102/149/144
f 261/20/20 258/270/257 262/21/21
f 263/271/258 266/19/19 262/21/21
f 160/194/184 144/206/198 129/269/203
f 201/272/259 199/201/193 200/196/113
f 204/273/260 196/135/132 205/134/131
f 110/242/232 124/215/207 109/230/220
f 186/165/160 178/262/250 187/166/161
f 158/180/175 142/274/261 143/234/224
f 108/225/215 91/247/237 92/231/221
f 195/275/262 189/255/244 196/135/132
f 90/147/142 47/75/75 91/247/237
f 224/174/169 214/204/196 215/276/263
f 210/126/123 202/113/112 203/277/264
f 84/141/138 17/32/32 85/148/143
f 38/61/61 32/52/52 39/58/58
f 189/255/244 179/1/1 180/251/240
f 113/220/210 97/216/180 98/176/171
f 157/179/174 141/214/206 142/274/261
f 203/277/264 193/115/114 194/164/159
f 209/278/265 217/279/266 216/280/267
f 215/276/263 207/202/194 208/281/268
f 178/262/250 163/256/245 164/248/238
f 211/282/269 219/127/124 210/126/123
f 204/273/260 194/164/159 195/275/262
f 173/197/189 182/192/187 172/205/197
f 252/283/235 248/284/270 245/285/271
f 106/146/141 120/139/136 105/209/201
f 90/147/142 37/60/60 42/69/69
f 209/278/265 201/286/259 202/113/112
f 217/287/266 215/276/263 216/288/267
f 193/115/114 185/289/167 186/165/160
f 111/132/129 94/236/226 95/120/117
f 62/96/96 63/94/94 65/97/97
f 88/210/202 103/258/247 87/136/133
f 211/282/269 205/134/131 212/124/121
f 169/253/242 180/251/240 168/226/216
f 82/121/118 77/6/6 1/9/9
f 225/28/28 224/174/169 217/287/266
f 218/125/122 225/143/28 217/279/266
f 32/52/52 87/136/133 27/46/46
f 81/184/179 72/91/91 77/117/6
f 147/232/222 131/219/209 132/252/241
f 231/144/139 222/37/37 223/173/168
f 147/232/222 133/239/229 148/238/228
f 103/258/247 86/150/145 87/136/133
f 18/33/33 12/25/25 19/30/30
f 234/264/252 227/130/127 235/292/275
f 248/284/270 244/293/253 245/285/271
f 238/260/248 242/294/276 237/63/63
f 177/261/249 161/240/230 162/233/223
f 235/292/275 241/295/277 234/264/252
f 244/293/253 240/27/27 233/29/29
f 237/63/63 242/294/276 236/296/278
f 67/104/103 68/102/101 70/105/104
f 239/268/256 243/297/279 238/260/248
f 239/268/256 240/27/27 243/297/279
f 253/106/105 260/298/151 256/244/234
f 236/296/278 227/130/127 228/64/64
f 247/263/251 241/295/277 242/294/276
f 27/46/46 28/44/44 30/47/47
f 216/288/267 208/281/268 201/272/259
f 257/301/283 254/108/107 258/270/257
f 84/141/138 7/17/17 12/25/25
f 136/221/211 120/139/136 137/138/135
f 256/302/234 251/154/149 252/283/235
f 195/275/262 187/166/161 188/303/284
f 248/284/270 250/107/106 247/263/251
f 259/155/150 254/108/107 255/153/148
f 260/156/151 255/153/148 256/302/234
f 243/297/279 247/263/251 242/294/276
f 249/243/233 245/304/271 246/305/285
f 271/306/286 268/72/72 272/223/213
f 188/303/284 178/262/250 179/1/1
f 257/301/283 264/307/71 260/298/151
f 183/267/255 191/151/146 182/192/187
f 204/273/260 210/126/123 203/277/264
f 54/80/80 52/82/82 47/75/75
f 265/100/99 264/307/71 261/20/20
f 12/25/25 13/23/23 15/26/26
f 33/53/53 27/46/46 34/50/50
f 73/111/110 67/104/103 74/109/108
f 270/49/49 265/100/99 266/19/19
f 276/308/214 272/309/213 273/310/287
f 269/98/98 273/310/287 272/309/213
f 177/261/249 185/289/167 184/259/166
f 274/199/191 270/49/49 275/222/212
f 271/306/286 275/222/212 270/49/49
f 156/198/190 140/191/186 141/214/206
f 276/308/214 273/310/287 277/311/288
f 273/310/287 274/199/191 277/312/289
f 274/199/191 275/222/212 277/313/290
f 275/222/212 276/224/214 277/314/288
f 48/76/76 42/69/69 49/73/73
f 246/305/285 244/265/253 241/295/277
f 42/69/69 43/67/67 45/70/70
f 167/128/125 150/159/154 151/227/217
f 7/17/17 8/15/15 10/18/18
f 242/294/276 235/292/275 236/296/278
f 263/271/258 258/270/257 259/155/150
f 179/1/1 178/262/250 165/2/2
f 266/19/19 265/100/99 261/20/20
f 240/27/27 232/145/140 225/28/28
f 230/35/35 229/65/65 221/36/36
f 267/48/48 271/306/286 270/49/49
f 171/55/55 182/192/187 181/56/56
f 237/63/63 236/296/278 228/64/64
f 267/48/48 263/271/258 264/71/71
f 1/9/9 77/6/6 2/7/7
f 78/90/90 77/117/6 72/91/91
f 269/98/98 272/309/213 268/99/72
f 253/106/105 249/243/233 250/107/106
f 202/113/112 201/286/259 200/114/113
f 89/119/116 88/210/202 32/52/52
f 72/91/91 96/131/128 95/120/117
f 82/121/118 1/9/9 7/17/17
f 220/123/120 211/282/269 212/124/121
f 218/125/122 209/278/265 210/126/123
f 167/128/125 180/251/240 179/1/1
f 226/129/126 218/125/122 219/127/124
f 96/131/128 112/183/178 111/132/129
f 220/123/120 228/64/64 227/130/127
f 197/133/130 206/266/254 205/134/131
f 87/136/133 86/150/145 22/41/41
f 121/137/134 138/218/208 137/138/135
f 100/140/137 99/177/172 83/122/119
f 22/41/41 17/32/32 23/39/39
f 226/129/126 234/264/252 233/142/29
f 240/27/27 239/268/256 231/144/139
f 106/146/141 105/209/201 89/119/116
f 22/41/41 86/150/145 85/148/143
f 102/149/144 101/163/158 85/148/143
f 197/133/130 190/250/239 191/151/146
f 255/153/148 254/108/107 250/107/106
f 264/71/71 263/271/258 259/155/150
f 149/157/152 134/237/227 135/158/153
f 121/137/134 106/146/141 107/160/155
f 116/162/157 115/241/231 100/140/137
f 194/164/159 193/115/114 186/165/160
f 62/96/96 94/236/226 93/167/162
f 119/168/163 136/221/211 135/158/153
f 101/163/158 100/140/137 84/141/138
f 192/170/165 183/267/255 184/171/166
f 232/145/140 231/144/139 223/173/168
f 114/175/170 113/220/210 98/176/171
f 174/178/173 173/197/189 157/179/174
f 123/181/176 140/191/186 139/182/177
f 112/183/178 96/131/128 81/184/179
f 222/37/37 221/36/36 212/124/121
f 145/187/182 161/240/230 176/188/183
f 155/190/185 154/235/225 139/182/177
f 191/151/146 190/250/239 181/56/56
f 175/193/188 159/246/236 160/194/184
f 200/196/113 199/201/193 192/170/165
f 173/197/189 172/205/197 156/198/190
f 274/199/191 273/310/287 269/98/98
f 135/158/153 134/237/227 117/200/192
f 199/201/193 208/281/268 207/202/194
f 228/64/64 220/123/120 221/36/36
f 128/203/195 127/208/200 112/183/178
f 213/186/181 206/266/254 207/202/194
f 172/205/197 171/55/55 155/190/185
f 144/206/198 143/234/224 126/207/199
f 105/209/201 104/257/246 88/210/202
f 145/187/182 160/189/184 129/211/203
f 125/213/205 142/274/261 141/214/206
f 82/121/118 98/176/171 97/216/180
f 138/218/208 121/137/134 122/161/156
f 131/219/209 130/212/204 113/220/210
f 136/221/211 151/227/217 150/159/154
f 275/222/212 271/306/286 272/223/213
f 108/225/215 123/181/176 122/161/156
f 168/226/216 167/128/125 151/227/217
f 146/229/219 145/187/182 130/212/204
f 123/181/176 108/225/215 109/230/220
f 92/231/221 52/82/82 57/87/87
f 147/232/222 163/256/245 162/233/223
f 138/218/208 153/254/243 152/228/218
f 119/168/163 104/257/246 105/209/201
f 143/234/224 142/274/261 125/213/205
f 171/55/55 170/57/57 154/235/225
f 94/236/226 110/242/232 109/230/220
f 98/176/171 82/121/118 83/122/119
f 134/237/227 149/157/152 148/238/228
f 161/240/230 145/187/182 146/229/219
f 140/191/186 123/181/176 124/215/207
f 133/239/229 132/252/241 115/241/231
f 126/207/199 125/213/205 110/242/232
f 249/243/233 253/106/105 256/244/234
f 192/170/165 199/201/193 198/152/147
f 159/246/236 158/180/175 143/234/224
f 106/146/141 90/147/142 91/247/237
f 151/227/217 136/221/211 137/138/135
f 165/2/2 149/157/152 150/159/154
f 149/157/152 165/2/2 164/248/238
f 130/212/204 129/211/203 128/249/195
f 190/250/239 189/255/244 180/251/240
f 132/252/241 131/219/209 114/175/170
f 169/253/242 168/226/216 152/228/218
f 159/246/236 175/193/188 174/178/173
f 127/208/200 126/207/199 111/132/129
f 190/250/239 197/133/130 196/135/132
f 115/241/231 114/175/170 99/177/172
f 163/256/245 147/232/222 148/238/228
f 108/225/215 92/231/221 93/167/162
f 170/57/57 169/253/242 153/254/243
f 104/257/246 119/168/163 118/169/164
f 134/237/227 133/239/229 116/162/157
f 153/254/243 138/218/208 139/182/177
f 238/260/248 237/63/63 229/65/65
f 92/231/221 91/247/237 47/75/75
f 95/120/117 94/236/226 62/96/96
f 249/243/233 246/305/285 247/263/251
f 234/264/252 241/295/277 244/265/253
f 184/171/166 183/267/255 175/193/188
f 206/266/254 197/133/130 198/152/147
f 58/88/88 57/87/87 52/82/82
f 239/268/256 238/260/248 230/35/35
f 118/169/164 117/200/192 102/149/144
f 223/173/168 222/37/37 213/186/181
f 206/266/254 213/186/181 212/124/121
f 129/269/203 144/206/198 127/208/200
f 117/200/192 116/162/157 101/163/158
f 261/20/20 257/301/283 258/270/257
f 263/271/258 267/48/48 266/19/19
f 160/194/184 159/246/236 144/206/198
f 201/272/259 208/281/268 199/201/193
f 204/273/260 195/275/262 196/135/132
f 110/242/232 125/213/205 124/215/207
f 186/165/160 177/261/249 178/262/250
f 158/180/175 157/179/174 142/274/261
f 108/225/215 107/160/155 91/247/237
f 195/275/262 188/303/284 189/255/244
f 90/147/142 42/69/69 47/75/75
f 224/174/169 223/173/168 214/204/196
f 210/126/123 209/278/265 202/113/112
f 84/141/138 12/25/25 17/32/32
f 38/61/61 37/60/60 32/52/52
f 189/255/244 188/303/284 179/1/1
f 113/220/210 128/249/195 97/216/180
f 157/179/174 156/198/190 141/214/206
f 203/277/264 202/113/112 193/115/114
f 209/278/265 218/125/122 217/279/266
f 215/276/263 214/204/196 207/202/194
f 178/262/250 177/261/249 163/256/245
f 211/282/269 220/123/120 219/127/124
f 204/273/260 203/277/264 194/164/159
f 173/197/189 183/267/255 182/192/187
f 252/283/235 251/154/149 248/284/270
f 106/146/141 121/137/134 120/139/136
f 90/147/142 89/119/116 37/60/60
f 209/278/265 216/280/267 201/286/259
f 217/287/266 224/174/169 215/276/263
f 193/115/114 200/114/113 185/289/167
f 111/132/129 110/242/232 94/236/226
f 62/96/96 57/87/87 63/94/94
f 88/210/202 104/257/246 103/258/247
f 211/282/269 204/273/260 205/134/131
f 169/253/242 181/56/56 180/251/240
f 82/121/118 81/217/179 77/6/6
f 225/28/28 232/145/140 224/174/169
f 218/125/122 226/129/126 225/143/28
f 32/52/52 88/210/202 87/136/133
f 81/184/179 96/131/128 72/91/91
f 147/232/222 146/229/219 131/219/209
f 231/144/139 230/35/35 222/37/37
f 147/232/222 132/252/241 133/239/229
f 103/258/247 102/149/144 86/150/145
f 18/33/33 17/32/32 12/25/25
f 234/264/252 226/129/126 227/130/127
f 248/284/270 243/297/279 244/293/253
f 238/260/248 243/297/279 242/294/276
f 177/261/249 184/259/166 161/240/230
f 244/293/253 243/297/279 240/27/27
f 67/104/103 62/96/96 68/102/101
f 253/106/105 257/301/283 260/298/151
f 236/296/278 235/292/275 227/130/127
f 247/263/251 246/305/285 241/295/277
f 27/46/46 22/41/41 28/44/44
f 216/288/267 215/276/263 208/281/268
f 257/301/283 253/106/105 254/108/107
f 84/141/138 83/122/119 7/17/17
f 136/221/211 119/168/163 120/139/136
f 256/302/234 255/153/148 251/154/149
f 195/275/262 194/164/159 187/166/161
f 248/284/270 251/154/149 250/107/106
f 259/155/150 258/270/257 254/108/107
f 260/156/151 259/155/150 255/153/148
f 243/297/279 248/284/270 247/263/251
f 249/243/233 252/245/235 245/304/271
f 271/306/286 267/48/48 268/72/72
f 188/303/284 187/166/161 178/262/250
f 257/301/283 261/20/20 264/307/71
f 183/267/255 192/170/165 191/151/146
f 204/273/260 211/282/269 210/126/123
f 54/80/80 53/83/83 52/82/82
f 265/100/99 268/99/72 264/307/71
f 12/25/25 7/17/17 13/23/23
f 33/53/53 32/52/52 27/46/46
f 73/111/110 72/91/91 67/104/103
f 270/49/49 269/98/98 265/100/99
f 177/261/249 186/165/160 185/289/167
f 156/198/190 155/190/185 140/191/186
f 48/76/76 47/75/75 42/69/69
f 246/305/285 245/304/271 244/265/253
f 42/69/69 37/60/60 43/67/67
f 167/128/125 166/3/3 150/159/154
f 7/17/17 1/9/9 8/15/15
f 242/294/276 241/295/277 235/292/275
f 263/271/258 262/21/21 258/270/257
usemtl Leaves_Pine
f 351/11/11 347/12/12 348/13/13
f 348/13/13 344/78/78 345/79/79
f 691/290/272 686/12/273 689/291/274
f 439/78/280 438/299/281 437/300/282
f 319/315/291 316/316/292 318/317/293
f 319/315/291 320/318/294 317/319/295
f 360/320/296 363/78/297 361/300/298
f 386/13/299 382/78/300 383/79/301
f 561/290/302 556/12/303 559/291/304
f 579/11/305 575/12/306 576/13/307
f 867/315/308 868/318/309 865/319/310
f 280/317/311 284/320/312 285/300/313
f 280/317/311 285/300/313 281/315/314
f 285/300/313 283/321/315 281/315/314
f 285/300/313 286/299/316 283/321/315
f 1210/300/317 1213/79/318 1212/78/319
f 290/12/320 289/322/321 287/78/322
f 687/13/323 683/78/324 684/79/325
f 290/12/320 292/323/326 289/322/321
f 709/11/327 705/12/328 706/13/329
f 296/324/330 295/290/331 293/291/332
f 293/291/332 294/11/333 296/325/334
f 414/315/335 411/316/336 413/317/337
f 433/315/338 434/318/339 431/319/340
f 299/317/341 303/320/342 304/300/343
f 299/317/341 304/300/343 300/315/344
f 304/300/343 302/321/345 300/315/344
f 304/300/343 305/299/346 302/321/345
f 721/78/347 720/299/348 719/300/349
f 309/12/350 308/322/351 306/78/352
f 656/290/353 651/12/354 654/291/355
f 309/12/350 311/323/356 308/322/351
f 994/11/357 990/12/358 991/13/359
f 315/324/360 314/290/361 312/291/362
f 312/291/362 313/11/363 315/325/364
f 376/315/365 373/316/366 375/317/367
f 1000/315/368 1001/318/369 998/319/370
f 318/317/293 322/320/371 323/300/372
f 318/317/293 323/300/372 319/315/291
f 323/300/372 321/321/373 319/315/291
f 323/300/372 324/299/374 321/321/373
f 737/320/375 740/78/376 738/300/377
f 930/78/378 929/299/379 928/300/380
f 328/12/381 327/322/382 325/78/383
f 972/13/384 968/78/385 969/79/386
f 1052/290/387 1047/12/388 1050/291/389
f 328/12/381 330/323/390 327/322/382
f 617/11/391 613/12/392 614/13/393
f 334/324/394 333/290/395 331/291/396
f 331/291/396 332/11/397 334/325/398
f 1168/315/399 1165/316/400 1167/317/401
f 452/315/402 453/318/403 450/319/404
f 337/317/405 341/320/406 342/300/407
f 337/317/405 342/300/407 338/315/408
f 342/300/407 340/321/409 338/315/408
f 342/300/407 343/299/410 340/321/409
f 474/320/411 477/78/412 475/300/413
f 797/78/414 796/299/415 795/300/416
f 347/12/12 346/322/417 344/78/78
f 671/13/418 667/78/419 668/79/420
f 675/290/421 670/12/422 673/291/423
f 347/12/12 349/323/424 346/322/417
f 1032/11/425 1028/12/426 1029/13/427
f 353/324/428 352/290/429 350/291/430
f 350/291/430 351/11/11 353/325/431
f 1244/315/432 1241/316/433 1243/317/434
f 734/315/435 735/318/436 732/319/437
f 356/317/438 360/320/296 361/300/298
f 356/317/438 361/300/298 357/315/439
f 361/300/298 359/321/440 357/315/439
f 361/300/298 362/299/441 359/321/440
f 1060/320/442 1063/78/443 1061/300/444
f 458/78/445 457/299/446 456/300/447
f 366/12/448 365/322/449 363/78/297
f 915/13/450 911/78/451 912/79/452
f 295/290/331 290/12/320 293/291/332
f 366/12/448 368/323/453 365/322/449
f 332/11/397 328/12/381 329/13/454
f 372/324/455 371/290/456 369/291/457
f 369/291/457 370/11/458 372/325/459
f 772/315/460 769/316/461 771/317/462
f 375/317/367 379/320/463 380/300/464
f 375/317/367 380/300/464 376/315/365
f 380/300/464 378/321/465 376/315/365
f 380/300/464 381/299/466 378/321/465
f 341/320/406 344/78/78 342/300/407
f 287/78/322 286/299/316 285/300/313
f 385/12/467 384/322/468 382/78/300
f 310/13/469 306/78/352 307/79/470
f 371/290/456 366/12/448 369/291/457
f 385/12/467 387/323/471 384/322/468
f 391/324/472 390/290/473 388/291/474
f 388/291/474 389/11/475 391/325/476
f 547/315/477 544/316/478 546/317/479
f 642/315/480 643/318/481 640/319/482
f 394/317/483 398/320/484 399/300/485
f 394/317/483 399/300/485 395/315/486
f 399/300/485 397/321/487 395/315/486
f 399/300/485 400/299/488 397/321/487
f 493/320/489 496/78/490 494/300/491
f 534/78/492 533/299/493 532/300/494
f 404/12/495 403/322/496 401/78/497
f 1105/13/498 1101/78/499 1102/79/500
f 599/290/501 594/12/502 597/291/503
f 404/12/495 406/323/504 403/322/496
f 1162/11/505 1158/12/506 1159/13/507
f 410/324/508 409/290/509 407/291/510
f 407/291/510 408/11/511 410/325/512
f 433/315/338 430/316/513 432/317/514
f 357/315/439 358/318/515 355/319/516
f 413/317/517 417/320/518 418/300/519
f 413/317/520 418/300/521 414/315/522
f 418/300/523 416/321/524 414/315/525
f 418/300/526 419/299/527 416/321/528
f 680/320/529 683/78/324 681/300/530
f 987/78/531 986/299/532 985/300/533
f 423/12/534 422/322/535 420/78/536
f 614/13/393 610/78/537 611/79/538
f 805/290/539 800/12/540 803/291/541
f 423/12/542 425/323/543 422/322/544
f 899/11/545 895/12/546 896/13/547
f 429/324/548 428/290/549 426/291/550
f 426/291/551 427/11/552 429/325/553
f 452/315/554 449/316/555 451/317/556
f 432/317/514 436/320/557 437/300/282
f 432/317/514 437/300/282 433/315/338
f 437/300/282 435/321/558 433/315/338
f 437/300/282 438/299/281 435/321/558
f 775/320/559 778/78/560 776/300/561
f 363/78/297 362/299/441 361/300/298
f 442/12/562 441/322/563 439/78/280
f 291/13/564 287/78/322 288/79/565
f 442/12/562 444/323/566 441/322/563
f 370/11/458 366/12/448 367/13/567
f 448/324/568 447/290/569 445/291/570
f 445/291/570 446/11/571 448/325/572
f 281/315/314 278/316/573 280/317/311
f 509/315/574 510/318/575 507/319/576
f 451/317/577 455/320/578 456/300/579
f 451/317/580 456/300/581 452/315/582
f 456/300/583 454/321/584 452/315/585
f 456/300/586 457/299/587 454/321/588
f 1247/320/589 1250/78/590 1248/300/591
f 892/78/592 891/299/593 890/300/594
f 461/12/595 460/322/596 458/78/597
f 1067/13/598 1063/78/443 1064/79/599
f 409/290/509 404/12/495 407/291/510
f 461/12/600 463/323/601 460/322/602
f 484/11/603 480/12/604 481/13/605
f 467/324/606 466/290/607 464/291/608
f 464/291/609 465/11/610 467/325/611
f 753/315/612 750/316/613 752/317/614
f 715/315/615 716/318/616 713/319/617
f 470/317/618 474/320/411 475/300/413
f 470/317/618 475/300/413 471/315/619
f 475/300/413 473/321/620 471/315/619
f 475/300/413 476/299/621 473/321/620
f 303/320/342 306/78/352 304/300/343
f 759/78/622 758/299/623 757/300/624
f 480/12/604 479/322/625 477/78/412
f 991/13/359 987/78/531 988/79/626
f 1144/290/627 1139/12/628 1142/291/629
f 480/12/604 482/323/630 479/322/625
f 294/11/333 290/12/320 291/13/564
f 486/324/631 485/290/632 483/291/633
f 483/291/633 484/11/603 486/325/634
f 509/315/574 506/316/635 508/317/636
f 604/315/637 605/318/638 602/319/639
f 489/317/640 493/320/489 494/300/491
f 489/317/641 494/300/642 490/315/643
f 494/300/644 492/321/645 490/315/646
f 494/300/644 495/299/647 492/321/645
f 382/78/300 381/299/466 380/300/464
f 499/12/648 498/322/649 496/78/650
f 329/13/454 325/78/383 326/79/651
f 767/290/652 762/12/653 765/291/654
f 499/12/648 501/323/655 498/322/649
f 804/11/656 800/12/540 801/13/657
f 505/324/658 504/290/659 502/291/660
f 502/291/661 503/11/662 505/325/663
f 300/315/344 297/316/664 299/317/341
f 848/315/665 849/318/666 846/319/667
f 508/317/636 512/320/668 513/300/669
f 508/317/636 513/300/669 509/315/574
f 513/300/669 511/321/670 509/315/574
f 513/300/669 514/299/671 511/321/670
f 984/320/672 987/78/531 985/300/533
f 1044/78/673 1043/299/674 1042/300/675
f 518/12/676 517/322/677 515/78/678
f 447/290/569 442/12/562 445/291/570
f 518/12/676 520/323/679 517/322/677
f 1051/11/680 1047/12/388 1048/13/681
f 524/324/682 523/290/683 521/291/684
f 521/291/684 522/11/685 524/325/686
f 1206/315/687 1203/316/688 1205/317/689
f 527/317/690 531/320/691 532/300/494
f 527/317/690 532/300/494 528/315/692
f 532/300/494 530/321/693 528/315/692
f 532/300/494 533/299/493 530/321/693
f 284/320/312 287/78/322 285/300/313
f 537/12/694 536/322/695 534/78/492
f 934/13/696 930/78/378 931/79/697
f 748/290/698 743/12/699 746/291/700
f 537/12/694 539/323/701 536/322/695
f 446/11/571 442/12/562 443/13/702
f 543/324/703 542/290/704 540/291/705
f 540/291/705 541/11/706 543/325/707
f 338/315/408 335/316/708 337/317/405
f 300/315/344 301/318/709 298/319/710
f 546/317/479 550/320/711 551/300/712
f 546/317/479 551/300/712 547/315/477
f 551/300/712 549/321/713 547/315/477
f 551/300/712 552/299/714 549/321/713
f 379/320/463 382/78/300 380/300/464
f 648/78/715 647/299/716 646/300/717
f 556/12/303 555/322/718 553/78/719
f 706/13/329 702/78/720 703/79/721
f 390/290/473 385/12/467 388/291/474
f 556/12/303 558/323/722 555/322/718
f 465/11/723 461/12/724 462/13/725
f 562/324/726 561/290/302 559/291/304
f 559/291/304 560/11/727 562/325/728
f 1000/315/368 997/316/729 999/317/730
f 810/315/731 811/318/732 808/319/733
f 565/317/734 569/320/735 570/300/736
f 565/317/734 570/300/736 566/315/737
f 570/300/736 568/321/738 566/315/737
f 570/300/736 571/299/739 568/321/738
f 398/320/484 401/78/497 399/300/485
f 1155/78/740 1154/299/741 1153/300/742
f 575/12/306 574/322/743 572/78/744
f 896/13/547 892/78/592 893/79/745
f 824/290/746 819/12/747 822/291/748
f 575/12/306 577/323/749 574/322/743
f 1070/11/750 1066/12/751 1067/13/598
f 581/324/752 580/290/753 578/291/754
f 578/291/754 579/11/305 581/325/755
f 1038/315/756 1035/316/757 1037/317/758
f 1206/315/687 1207/318/759 1204/319/760
f 584/317/761 588/320/762 589/300/763
f 584/317/761 589/300/763 585/315/764
f 589/300/763 587/321/765 585/315/764
f 589/300/763 590/299/766 587/321/765
f 908/320/767 911/78/451 909/300/768
f 344/78/78 343/299/410 342/300/407
f 594/12/502 593/322/769 591/78/770
f 744/13/771 740/78/376 741/79/772
f 729/290/773 724/12/774 727/291/775
f 594/12/502 596/323/776 593/322/769
f 842/11/777 838/12/778 839/13/779
f 600/324/780 599/290/501 597/291/503
f 597/291/503 598/11/781 600/325/782
f 1225/315/783 1222/316/784 1224/317/785
f 395/315/486 396/318/786 393/319/787
f 603/317/788 607/320/789 608/300/790
f 603/317/788 608/300/790 604/315/637
f 608/300/790 606/321/791 604/315/637
f 608/300/790 609/299/792 606/321/791
f 832/320/793 835/78/794 833/300/795
f 629/78/796 628/299/797 627/300/798
f 613/12/392 612/322/799 610/78/537
f 862/290/800 857/12/801 860/291/802
f 613/12/392 615/323/803 612/322/799
f 823/11/804 819/12/747 820/13/805
f 619/324/806 618/290/807 616/291/808
f 616/291/808 617/11/391 619/325/809
f 734/315/435 731/316/810 733/317/811
f 1168/315/812 1169/318/813 1166/319/814
f 622/317/815 626/320/816 627/300/798
f 622/317/815 627/300/798 623/315/817
f 627/300/798 625/321/818 623/315/817
f 627/300/798 628/299/797 625/321/818
f 588/320/762 591/78/770 589/300/763
f 1231/78/819 1230/299/820 1229/300/821
f 632/12/822 631/322/823 629/78/796
f 1156/79/824 1158/12/825 1155/78/826
f 333/290/395 328/12/381 331/291/396
f 632/12/822 634/323/827 631/322/823
f 1143/11/828 1139/12/829 1140/13/830
f 638/324/831 637/290/832 635/291/833
f 635/291/833 636/11/834 638/325/835
f 1019/315/836 1016/316/837 1018/317/838
f 661/315/839 662/318/840 659/319/841
f 641/317/842 645/320/843 646/300/717
f 641/317/842 646/300/717 642/315/480
f 646/300/717 644/321/844 642/315/480
f 646/300/717 647/299/716 644/321/844
f 1190/320/845 1193/78/846 1191/300/847
f 949/78/848 948/299/849 947/300/850
f 651/12/354 650/322/851 648/78/715
f 462/13/852 458/78/853 459/79/854
f 843/290/855 838/12/778 841/291/856
f 651/12/354 653/323/857 650/322/851
f 1238/11/858 1234/12/859 1235/13/860
f 657/324/861 656/290/353 654/291/355
f 654/291/355 655/11/862 657/325/863
f 585/315/764 582/316/864 584/317/761
f 338/315/408 339/318/865 336/319/866
f 660/317/867 664/320/868 665/300/869
f 660/317/867 665/300/869 661/315/839
f 665/300/869 663/321/870 661/315/839
f 665/300/869 666/299/871 663/321/870
f 683/78/324 682/299/872 681/300/530
f 670/12/422 669/322/873 667/78/419
f 1029/13/427 1025/78/874 1026/79/875
f 1220/290/876 1215/12/877 1218/291/878
f 670/12/422 672/323/879 669/322/873
f 1181/11/880 1177/12/881 1178/13/882
f 676/324/883 675/290/421 673/291/423
f 673/291/423 674/11/884 676/325/885
f 528/315/692 525/316/886 527/317/690
f 886/315/887 887/318/888 884/319/889
f 677/317/890 680/320/529 681/300/530
f 677/317/890 681/300/530 678/315/891
f 681/300/530 679/321/892 678/315/891
f 681/300/530 682/299/872 679/321/892
f 794/320/893 797/78/414 795/300/416
f 854/78/894 853/299/895 852/300/896
f 686/12/273 685/322/897 683/78/324
f 839/13/779 835/78/794 836/79/898
f 919/290/899 914/12/900 917/291/901
f 686/12/273 688/323/902 685/322/897
f 766/11/903 762/12/653 763/13/904
f 692/324/905 691/290/272 689/291/274
f 689/291/274 690/11/906 692/325/907
f 695/317/908 699/320/909 700/300/910
f 695/317/908 700/300/910 696/315/911
f 700/300/910 698/321/912 696/315/911
f 700/300/910 701/299/913 698/321/912
f 718/320/914 721/78/347 719/300/349
f 816/78/915 815/299/916 814/300/917
f 705/12/328 704/322/918 702/78/720
f 1010/13/919 1006/78/920 1007/79/921
f 352/290/429 347/12/12 350/291/430
f 705/12/328 707/323/922 704/322/918
f 389/11/475 385/12/467 386/13/299
f 711/324/923 710/290/924 708/291/925
f 708/291/925 709/11/327 711/325/926
f 1057/315/927 1054/316/928 1056/317/929
f 696/315/911 697/318/930 694/319/931
f 714/317/932 718/320/914 719/300/349
f 714/317/932 719/300/349 715/315/615
f 719/300/349 717/321/933 715/315/615
f 719/300/349 720/299/348 717/321/933
f 1022/320/934 1025/78/874 1023/300/935
f 702/78/720 701/299/913 700/300/910
f 724/12/774 723/322/936 721/78/347
f 938/290/937 933/12/938 936/291/939
f 724/12/774 726/323/940 723/322/936
f 937/11/941 933/12/938 934/13/696
f 730/324/942 729/290/773 727/291/775
f 727/291/775 728/11/943 730/325/944
f 962/315/945 959/316/946 961/317/947
f 585/315/764 586/318/948 583/319/949
f 733/317/811 737/320/375 738/300/377
f 733/317/811 738/300/377 734/315/435
f 738/300/377 736/321/950 734/315/435
f 738/300/377 739/299/951 736/321/950
f 927/320/952 930/78/378 928/300/380
f 1193/78/846 1192/299/953 1191/300/847
f 743/12/699 742/322/954 740/78/376
f 1121/13/955 1117/78/956 1118/79/957
f 637/290/832 632/12/822 635/291/833
f 743/12/699 745/323/958 742/322/954
f 880/11/959 876/12/960 877/13/961
f 749/324/962 748/290/698 746/291/700
f 746/291/700 747/11/963 749/325/964
f 715/315/615 712/316/965 714/317/932
f 752/317/614 756/320/966 757/300/624
f 752/317/614 757/300/624 753/315/612
f 757/300/624 755/321/967 753/315/612
f 757/300/624 758/299/623 755/321/967
f 531/320/691 534/78/492 532/300/494
f 873/78/968 872/299/969 871/300/970
f 762/12/653 761/322/971 759/78/622
f 557/13/972 553/78/719 554/79/973
f 523/290/683 518/12/676 521/291/684
f 762/12/653 764/323/974 761/322/971
f 768/324/975 767/290/652 765/291/654
f 765/291/654 766/11/903 768/325/976
f 471/315/619 468/316/977 470/317/618
f 490/315/646 491/318/978 488/319/979
f 771/317/462 775/320/559 776/300/561
f 771/317/462 776/300/561 772/315/460
f 776/300/561 774/321/980 772/315/460
f 776/300/561 777/299/981 774/321/980
f 626/320/816 629/78/796 627/300/798
f 968/78/385 967/299/982 966/300/983
f 781/12/984 780/322/985 778/78/560
f 367/13/567 363/78/297 364/79/986
f 781/12/984 783/323/987 780/322/985
f 728/11/943 724/12/774 725/13/988
f 787/324/989 786/290/990 784/291/991
f 784/291/991 785/11/992 787/325/993
f 829/315/994 826/316/995 828/317/996
f 414/315/335 415/318/997 412/319/998
f 790/317/999 794/320/893 795/300/416
f 790/317/999 795/300/416 791/315/1000
f 795/300/416 793/321/1001 791/315/1000
f 795/300/416 796/299/415 793/321/1001
f 455/320/1002 458/78/1003 456/300/1004
f 477/78/412 476/299/621 475/300/413
f 800/12/540 799/322/1005 797/78/414
f 538/13/1006 534/78/492 535/79/1007
f 485/290/632 480/12/604 483/291/633
f 800/12/540 802/323/1008 799/322/1005
f 313/11/363 309/12/350 310/13/469
f 806/324/1009 805/290/539 803/291/541
f 803/291/541 804/11/656 806/325/1010
f 528/315/692 529/318/1011 526/319/1012
f 809/317/1013 813/320/1014 814/300/917
f 809/317/1013 814/300/917 810/315/731
f 814/300/917 812/321/1015 810/315/731
f 814/300/917 815/299/916 812/321/1015
f 1266/320/1016 1269/78/1017 1267/300/1018
f 740/78/376 739/299/951 738/300/377
f 819/12/747 818/322/1019 816/78/915
f 443/13/702 439/78/280 440/79/1020
f 881/290/1021 876/12/1022 879/291/1023
f 819/12/747 821/323/1024 818/322/1019
f 560/11/727 556/12/303 557/13/972
f 825/324/1025 824/290/746 822/291/748
f 822/291/748 823/11/804 825/325/1026
f 1095/315/1027 1092/316/1028 1094/317/1029
f 1263/315/1030 1264/318/1031 1261/319/1032
f 828/317/996 832/320/793 833/300/795
f 828/317/996 833/300/795 829/315/994
f 833/300/795 831/321/1033 829/315/994
f 833/300/795 834/299/1034 831/321/1033
f 645/320/843 648/78/715 646/300/717
f 911/78/451 910/299/1035 909/300/768
f 838/12/778 837/322/1036 835/78/794
f 1048/13/681 1044/78/673 1045/79/1037
f 957/290/1038 952/12/1039 955/291/1040
f 838/12/778 840/323/1041 837/322/1036
f 1219/11/1042 1215/12/1043 1216/13/1044
f 844/324/1045 843/290/855 841/291/856
f 841/291/856 842/11/777 844/325/1046
f 886/315/887 883/316/1047 885/317/1048
f 547/315/477 548/318/1049 545/319/1050
f 847/317/1051 851/320/1052 852/300/896
f 847/317/1051 852/300/896 848/315/665
f 852/300/896 850/321/1053 848/315/665
f 852/300/896 853/299/895 850/321/1053
f 1003/320/1054 1006/78/920 1004/300/1055
f 515/78/678 514/299/671 513/300/669
f 857/12/801 856/322/1056 854/78/894
f 576/13/307 572/78/744 573/79/1057
f 1182/290/1058 1177/12/1059 1180/291/1060
f 857/12/801 859/323/1061 856/322/1056
f 975/11/1062 971/12/1063 972/13/384
f 863/324/1064 862/290/800 860/291/802
f 860/291/802 861/11/1065 863/325/1066
f 604/315/637 601/316/1067 603/317/788
f 1149/315/1068 1150/318/1069 1147/319/1070
f 866/317/1071 870/320/1072 871/300/1073
f 866/317/1071 871/300/1073 867/315/1074
f 871/300/1075 869/321/1076 867/315/1077
f 871/300/1078 872/299/1079 869/321/1080
f 889/320/1081 892/78/592 890/300/594
f 876/12/1082 875/322/1083 873/78/1084
f 858/13/1085 854/78/894 855/79/1086
f 1033/290/1087 1028/12/426 1031/291/1088
f 876/12/1089 878/323/1090 875/322/1091
f 690/11/906 686/12/273 687/13/323
f 882/324/1092 881/290/1093 879/291/1094
f 879/291/1095 880/11/1096 882/325/1097
f 490/315/646 487/316/1098 489/317/1099
f 1187/315/1100 1188/318/1101 1185/319/1102
f 885/317/1048 889/320/1081 890/300/594
f 885/317/1048 890/300/594 886/315/887
f 890/300/594 888/321/1103 886/315/887
f 890/300/594 891/299/593 888/321/1103
f 607/320/789 610/78/537 608/300/790
f 553/78/719 552/299/714 551/300/712
f 895/12/546 894/322/1104 892/78/592
f 1197/13/1105 1193/78/846 1194/79/1106
f 786/290/990 781/12/984 784/291/991
f 895/12/546 897/323/1107 894/322/1104
f 408/11/511 404/12/495 405/13/1108
f 901/324/1109 900/290/1110 898/291/1111
f 898/291/1111 899/11/545 901/325/1112
f 1263/315/1030 1260/316/1113 1262/317/1114
f 1095/315/1027 1096/318/1115 1093/319/1116
f 904/317/1117 908/320/767 909/300/768
f 904/317/1117 909/300/768 905/315/1118
f 909/300/768 907/321/1119 905/315/1118
f 909/300/768 910/299/1035 907/321/1119
f 1152/320/1120 1155/78/1121 1153/300/1122
f 572/78/744 571/299/739 570/300/736
f 914/12/900 913/322/1123 911/78/451
f 519/13/1124 515/78/678 516/79/1125
f 995/290/1126 990/12/358 993/291/1127
f 914/12/900 916/323/1128 913/322/1123
f 956/11/1129 952/12/1039 953/13/1130
f 920/324/1131 919/290/899 917/291/901
f 917/291/901 918/11/1132 920/325/1133
f 696/315/911 693/316/1134 695/317/908
f 962/315/945 963/318/1135 960/319/1136
f 923/317/1137 927/320/952 928/300/380
f 923/317/1137 928/300/380 924/315/1138
f 928/300/380 926/321/1139 924/315/1138
f 928/300/380 929/299/379 926/321/1139
f 946/320/1140 949/78/848 947/300/850
f 306/78/352 305/299/346 304/300/343
f 933/12/938 932/322/1141 930/78/378
f 652/13/1142 648/78/715 649/79/1143
f 710/290/924 705/12/328 708/291/925
f 933/12/938 935/323/1144 932/322/1141
f 1200/11/1145 1196/12/1146 1197/13/1105
f 939/324/1147 938/290/937 936/291/939
f 936/291/939 937/11/941 939/325/1148
f 623/315/817 620/316/1149 622/317/815
f 772/315/460 773/318/1150 770/319/1151
f 942/317/1152 946/320/1140 947/300/850
f 942/317/1152 947/300/850 943/315/1153
f 947/300/850 945/321/1154 943/315/1153
f 947/300/850 948/299/849 945/321/1154
f 550/320/711 553/78/719 551/300/712
f 401/78/497 400/299/488 399/300/485
f 952/12/1039 951/322/1155 949/78/848
f 405/13/1108 401/78/497 402/79/1156
f 976/290/1157 971/12/1063 974/291/1158
f 952/12/1039 954/323/1159 951/322/1155
f 1257/11/1160 1253/12/1161 1254/13/1162
f 958/324/1163 957/290/1038 955/291/1040
f 955/291/1040 956/11/1129 958/325/1164
f 1187/315/1100 1184/316/1165 1186/317/1166
f 1225/315/783 1226/318/1167 1223/319/1168
f 961/317/947 965/320/1169 966/300/983
f 961/317/947 966/300/983 962/315/945
f 966/300/983 964/321/1170 962/315/945
f 966/300/983 967/299/982 964/321/1170
f 417/320/1171 420/78/1172 418/300/1173
f 1212/78/1174 1211/299/1175 1210/300/1176
f 971/12/1063 970/322/1177 968/78/385
f 424/13/1178 420/78/1179 421/79/1180
f 1201/290/1181 1196/12/1146 1199/291/1182
f 971/12/1063 973/323/1183 970/322/1177
f 674/11/884 670/12/422 671/13/418
f 977/324/1184 976/290/1157 974/291/1158
f 974/291/1158 975/11/1062 977/325/1185
f 905/315/1118 902/316/1186 904/317/1117
f 924/315/1138 925/318/1187 922/319/1188
f 1114/320/1189 1117/78/956 1115/300/1190
f 420/78/536 419/299/1191 418/300/1192
f 725/13/988 721/78/347 722/79/1193
f 1277/290/1194 1272/12/1195 1275/291/1196
f 541/11/706 537/12/694 538/13/1006
f 829/315/994 830/318/1197 827/319/1198
f 980/317/1199 984/320/672 985/300/533
f 980/317/1199 985/300/533 981/315/1200
f 985/300/533 983/321/1201 981/315/1200
f 985/300/533 986/299/532 983/321/1201
f 1079/320/1202 1082/78/1203 1080/300/1204
f 1136/78/1205 1135/299/1206 1134/300/1207
f 990/12/358 989/322/1208 987/78/531
f 1235/13/860 1231/78/819 1232/79/1209
f 466/290/1210 461/12/1211 464/291/1212
f 990/12/358 992/323/1213 989/322/1208
f 747/11/963 743/12/699 744/13/771
f 996/324/1214 995/290/1126 993/291/1127
f 993/291/1127 994/11/357 996/325/1215
f 395/315/486 392/316/1216 394/317/483
f 566/315/737 567/318/1217 564/319/1218
f 999/317/730 1003/320/1054 1004/300/1055
f 999/317/730 1004/300/1055 1000/315/368
f 1004/300/1055 1002/321/1219 1000/315/368
f 1004/300/1055 1005/299/1220 1002/321/1219
f 699/320/909 702/78/720 700/300/910
f 1082/78/1203 1081/299/1221 1080/300/1204
f 1009/12/1222 1008/322/1223 1006/78/920
f 877/13/1224 873/78/1225 874/79/1226
f 1163/290/1227 1158/12/1228 1161/291/1229
f 1009/12/1222 1011/323/1230 1008/322/1223
f 918/11/1132 914/12/900 915/13/450
f 1015/324/1231 1014/290/1232 1012/291/1233
f 1012/291/1233 1013/11/1234 1015/325/1235
f 1130/315/1236 1127/316/1237 1129/317/1238
f 1076/315/1239 1077/318/1240 1074/319/1241
f 1018/317/838 1022/320/934 1023/300/935
f 1018/317/838 1023/300/935 1019/315/836
f 1023/300/935 1021/321/1242 1019/315/836
f 1023/300/935 1024/299/1243 1021/321/1242
f 1098/320/1244 1101/78/499 1099/300/1245
f 667/78/419 666/299/871 665/300/869
f 1028/12/426 1027/322/1246 1025/78/874
f 763/13/904 759/78/622 760/79/1247
f 428/290/549 423/12/1248 426/291/550
f 1028/12/426 1030/323/1249 1027/322/1246
f 1034/324/1250 1033/290/1087 1031/291/1088
f 1031/291/1088 1032/11/425 1034/325/1251
f 1076/315/1239 1073/316/1252 1075/317/1253
f 981/315/1200 982/318/1254 979/319/1255
f 1037/317/758 1041/320/1256 1042/300/675
f 1037/317/758 1042/300/675 1038/315/756
f 1042/300/675 1040/321/1257 1038/315/756
f 1042/300/675 1043/299/674 1040/321/1257
f 664/320/868 667/78/419 665/300/869
f 496/78/650 495/299/647 494/300/644
f 1047/12/388 1046/322/1258 1044/78/673
f 500/13/1259 496/78/1260 497/79/1261
f 900/290/1110 895/12/546 898/291/1111
f 1047/12/388 1049/323/1262 1046/322/1258
f 785/11/992 781/12/984 782/13/1263
f 1053/324/1264 1052/290/387 1050/291/389
f 1050/291/389 1051/11/680 1053/325/1265
f 924/315/1138 921/316/1266 923/317/1137
f 1019/315/836 1020/318/1267 1017/319/1268
f 1056/317/929 1060/320/1269 1061/300/1270
f 1056/317/929 1061/300/1270 1057/315/927
f 1061/300/1270 1059/321/1271 1057/315/927
f 1061/300/1272 1062/299/1273 1059/321/1274
f 965/320/1169 968/78/385 966/300/983
f 1025/78/874 1024/299/1243 1023/300/935
f 1066/12/1275 1065/322/1276 1063/78/1277
f 1216/13/1278 1212/78/1279 1213/79/1280
f 580/290/753 575/12/306 578/291/754
f 1066/12/1281 1068/323/1282 1065/322/1283
f 1072/324/1284 1071/290/1285 1069/291/1286
f 1069/291/1286 1070/11/750 1072/325/1287
f 566/315/737 563/316/1288 565/317/734
f 471/315/619 472/318/1289 469/319/1290
f 1075/317/1253 1079/320/1202 1080/300/1204
f 1075/317/1253 1080/300/1204 1076/315/1239
f 1080/300/1204 1078/321/1291 1076/315/1239
f 1080/300/1204 1081/299/1221 1078/321/1291
f 1171/320/1292 1174/78/1293 1172/300/1294
f 591/78/770 590/299/766 589/300/763
f 1085/12/1295 1084/322/1296 1082/78/1203
f 633/13/1297 629/78/796 630/79/1298
f 618/290/807 613/12/392 616/291/808
f 1085/12/1295 1087/323/1299 1084/322/1296
f 655/11/862 651/12/354 652/13/1142
f 1091/324/1300 1090/290/1301 1088/291/1302
f 1088/291/1302 1089/11/1303 1091/325/1304
f 357/315/439 354/316/1305 356/317/438
f 1038/315/756 1039/318/1306 1036/319/1307
f 1228/320/1308 1231/78/819 1229/300/821
f 1250/78/1309 1249/299/1310 1248/300/1311
f 1086/13/1312 1082/78/1203 1083/79/1313
f 1109/290/1314 1104/12/1315 1107/291/1316
f 598/11/781 594/12/502 595/13/1317
f 848/315/665 845/316/1318 847/317/1051
f 1130/315/1236 1131/318/1319 1128/319/1320
f 1094/317/1029 1098/320/1244 1099/300/1245
f 1094/317/1029 1099/300/1245 1095/315/1027
f 1099/300/1245 1097/321/1321 1095/315/1027
f 1099/300/1245 1100/299/1322 1097/321/1321
f 1041/320/1256 1044/78/673 1042/300/675
f 1269/78/1017 1268/299/1323 1267/300/1018
f 1104/12/1315 1103/322/1324 1101/78/499
f 1140/13/830 1136/78/1325 1137/79/1326
f 1071/290/1285 1066/12/751 1069/291/1286
f 1104/12/1315 1106/323/1327 1103/322/1324
f 1276/11/1328 1272/12/1195 1273/13/1329
f 1110/324/1330 1109/290/1314 1107/291/1316
f 1107/291/1316 1108/11/1331 1110/325/1332
f 981/315/1200 978/316/1333 980/317/1199
f 1057/315/927 1058/318/1334 1055/319/1335
f 1111/317/1336 1114/320/1189 1115/300/1190
f 1111/317/1336 1115/300/1190 1112/315/1337
f 1115/300/1190 1113/321/1338 1112/315/1337
f 1115/300/1339 1116/299/1340 1113/321/1341
f 512/320/668 515/78/678 513/300/669
f 1006/78/920 1005/299/1220 1004/300/1055
f 1120/12/1342 1119/322/1343 1117/78/1344
f 481/13/605 477/78/412 478/79/1345
f 1090/290/1301 1085/12/1295 1088/291/1302
f 1120/12/1346 1122/323/1347 1119/322/1348
f 1089/11/1303 1085/12/1295 1086/13/1312
f 1126/324/1349 1125/290/1350 1123/291/1351
f 1123/291/1352 1124/11/1353 1126/325/1354
f 791/315/1000 792/318/1355 789/319/1356
f 1129/317/1238 1133/320/1357 1134/300/1358
f 1129/317/1238 1134/300/1358 1130/315/1236
f 1134/300/1358 1132/321/1359 1130/315/1236
f 1134/300/1360 1135/299/1361 1132/321/1362
f 756/320/966 759/78/622 757/300/624
f 1117/78/1363 1116/299/1364 1115/300/1365
f 1139/12/1366 1138/322/1367 1136/78/1205
f 801/13/657 797/78/414 798/79/1368
f 1258/290/1369 1253/12/1370 1256/291/1371
f 1139/12/1372 1141/323/1373 1138/322/1374
f 503/11/1375 499/12/1376 500/13/1377
f 1145/324/1378 1144/290/1379 1142/291/629
f 1142/291/1380 1143/11/828 1145/325/1381
f 642/315/480 639/316/1382 641/317/842
f 376/315/365 377/318/1383 374/319/1384
f 1148/317/1385 1152/320/1386 1153/300/1387
f 1148/317/1388 1153/300/1389 1149/315/1390
f 1153/300/1391 1151/321/1392 1149/315/1393
f 1153/300/1394 1154/299/1395 1151/321/1396
f 322/320/371 325/78/383 323/300/372
f 325/78/383 324/299/374 323/300/372
f 1158/12/1397 1157/322/1398 1155/78/1399
f 820/13/805 816/78/915 817/79/1400
f 1158/12/1401 1160/323/1402 1157/322/1403
f 1124/11/1353 1120/12/1404 1121/13/955
f 1164/324/1405 1163/290/1406 1161/291/1407
f 1161/291/1408 1162/11/1409 1164/325/1410
f 810/315/731 807/316/1411 809/317/1013
f 943/315/1153 944/318/1412 941/319/1413
f 1167/317/1414 1171/320/1415 1172/300/1416
f 1167/317/1417 1172/300/1418 1168/315/1419
f 1172/300/1420 1170/321/1421 1168/315/1422
f 1172/300/1423 1173/299/1424 1170/321/1425
f 436/320/557 439/78/280 437/300/282
f 610/78/537 609/299/792 608/300/790
f 1177/12/1426 1176/322/1427 1174/78/1428
f 1254/13/1429 1250/78/1430 1251/79/1431
f 504/290/659 499/12/648 502/291/660
f 1177/12/1432 1179/323/1433 1176/322/1434
f 1108/11/1331 1104/12/1315 1105/13/498
f 1183/324/1435 1182/290/1436 1180/291/1437
f 1180/291/1438 1181/11/1439 1183/325/1440
f 1149/315/1441 1146/316/1442 1148/317/1443
f 753/315/612 754/318/1444 751/319/1445
f 1186/317/1166 1190/320/845 1191/300/847
f 1186/317/1166 1191/300/847 1187/315/1100
f 1191/300/847 1189/321/1446 1187/315/1100
f 1191/300/847 1192/299/953 1189/321/1446
f 813/320/1014 816/78/915 814/300/917
f 1063/78/1447 1062/299/1448 1061/300/1449
f 1196/12/1146 1195/322/1450 1193/78/846
f 953/13/1130 949/78/848 950/79/1451
f 542/290/704 537/12/694 540/291/705
f 1196/12/1146 1198/323/1452 1195/322/1450
f 1013/11/1234 1009/12/1222 1010/13/919
f 1202/324/1453 1201/290/1181 1199/291/1182
f 1199/291/1182 1200/11/1145 1202/325/1454
f 791/315/1000 788/316/1455 790/317/999
f 623/315/817 624/318/1456 621/319/1457
f 1205/317/1458 1209/320/1459 1210/300/1460
f 1205/317/1461 1210/300/1462 1206/315/1463
f 1210/300/1462 1208/321/1464 1206/315/1463
f 1210/300/1176 1211/299/1175 1208/321/1465
f 871/300/1466 874/79/1467 873/78/1468
f 835/78/794 834/299/1034 833/300/795
f 1215/12/1469 1214/322/1470 1212/78/1471
f 1178/13/1472 1174/78/1473 1175/79/1474
f 314/290/361 309/12/350 312/291/362
f 1215/12/1475 1217/323/1476 1214/322/1477
f 861/11/1065 857/12/801 858/13/1085
f 1221/324/1478 1220/290/1479 1218/291/1480
f 1218/291/1481 1219/11/1482 1221/325/1483
f 661/315/839 658/316/1484 660/317/867
f 905/315/1118 906/318/1485 903/319/1486
f 1224/317/785 1228/320/1308 1229/300/821
f 1224/317/785 1229/300/821 1225/315/783
f 1229/300/821 1227/321/1487 1225/315/783
f 1229/300/821 1230/299/820 1227/321/1487
f 1101/78/499 1100/299/1322 1099/300/1245
f 1234/12/859 1233/322/1488 1231/78/819
f 782/13/1263 778/78/560 779/79/1489
f 1014/290/1232 1009/12/1222 1012/291/1233
f 1234/12/859 1236/323/1490 1233/322/1488
f 636/11/834 632/12/822 633/13/1297
f 1240/324/1491 1239/290/1492 1237/291/1493
f 1237/291/1493 1238/11/858 1240/325/1494
f 867/315/1074 864/316/1495 866/317/1071
f 281/315/314 282/318/1496 279/319/1497
f 1243/317/1498 1247/320/1499 1248/300/1500
f 1243/317/1501 1248/300/1502 1244/315/1503
f 1248/300/1504 1246/321/1505 1244/315/1506
f 1248/300/1507 1249/299/1508 1246/321/1509
f 1133/320/1357 1136/78/1325 1134/300/1358
f 1174/78/1510 1173/299/1511 1172/300/1512
f 1253/12/1513 1252/322/1514 1250/78/1515
f 1273/13/1329 1269/78/1017 1270/79/1516
f 1239/290/1492 1234/12/859 1237/291/1493
f 1253/12/1370 1255/323/1517 1252/322/1518
f 427/11/552 423/12/1519 424/13/1520
f 1259/324/1521 1258/290/1369 1256/291/1371
f 1256/291/1522 1257/11/1523 1259/325/1524
f 943/315/1153 940/316/1525 942/317/1152
f 1244/315/1526 1245/318/1527 1242/319/1528
f 1262/317/1114 1266/320/1016 1267/300/1018
f 1262/317/1114 1267/300/1018 1263/315/1030
f 1267/300/1018 1265/321/1529 1263/315/1030
f 1267/300/1018 1268/299/1323 1265/321/1529
f 851/320/1052 854/78/894 852/300/896
f 778/78/560 777/299/981 776/300/561
f 1272/12/1195 1271/322/1530 1269/78/1017
f 595/13/1317 591/78/770 592/79/1531
f 1125/290/1532 1120/12/1533 1123/291/1534
f 1272/12/1195 1274/323/1535 1271/322/1530
f 522/11/685 518/12/676 519/13/1124
f 1278/324/1536 1277/290/1194 1275/291/1196
f 1275/291/1196 1276/11/1328 1278/325/1537
f 569/320/735 572/78/744 570/300/736
f 351/11/11 350/291/430 347/12/12
f 348/13/13 347/12/12 344/78/78
f 691/290/272 688/323/902 686/12/273
f 439/78/280 441/322/563 438/299/281
f 319/315/291 317/319/295 316/316/292
f 319/315/291 321/321/373 320/318/294
f 360/320/296 364/79/986 363/78/297
f 386/13/299 385/12/467 382/78/300
f 561/290/302 558/323/722 556/12/303
f 579/11/305 578/291/754 575/12/306
f 867/315/308 869/321/1538 868/318/309
f 1210/300/317 1209/320/1539 1213/79/318
f 687/13/323 686/12/273 683/78/324
f 709/11/327 708/291/925 705/12/328
f 414/315/335 412/319/998 411/316/336
f 433/315/338 435/321/558 434/318/339
f 721/78/347 723/322/936 720/299/348
f 656/290/353 653/323/857 651/12/354
f 994/11/357 993/291/1127 990/12/358
f 376/315/365 374/319/1384 373/316/366
f 1000/315/368 1002/321/1219 1001/318/369
f 737/320/375 741/79/772 740/78/376
f 930/78/378 932/322/1141 929/299/379
f 972/13/384 971/12/1063 968/78/385
f 1052/290/387 1049/323/1262 1047/12/388
f 617/11/391 616/291/808 613/12/392
f 1168/315/399 1166/319/1540 1165/316/400
f 452/315/402 454/321/1541 453/318/403
f 474/320/411 478/79/1345 477/78/412
f 797/78/414 799/322/1005 796/299/415
f 671/13/418 670/12/422 667/78/419
f 675/290/421 672/323/879 670/12/422
f 1032/11/425 1031/291/1088 1028/12/426
f 1244/315/432 1242/319/1542 1241/316/433
f 734/315/435 736/321/950 735/318/436
f 1060/320/442 1064/79/599 1063/78/443
f 458/78/445 460/322/1543 457/299/446
f 915/13/450 914/12/900 911/78/451
f 295/290/331 292/323/326 290/12/320
f 332/11/397 331/291/396 328/12/381
f 772/315/460 770/319/1151 769/316/461
f 341/320/406 345/79/79 344/78/78
f 287/78/322 289/322/321 286/299/316
f 310/13/469 309/12/350 306/78/352
f 371/290/456 368/323/453 366/12/448
f 547/315/477 545/319/1050 544/316/478
f 642/315/480 644/321/844 643/318/481
f 493/320/489 497/79/1544 496/78/490
f 534/78/492 536/322/695 533/299/493
f 1105/13/498 1104/12/1315 1101/78/499
f 599/290/501 596/323/776 594/12/502
f 1162/11/505 1161/291/1545 1158/12/506
f 433/315/338 431/319/340 430/316/513
f 357/315/439 359/321/440 358/318/515
f 680/320/529 684/79/325 683/78/324
f 987/78/531 989/322/1208 986/299/532
f 614/13/393 613/12/392 610/78/537
f 805/290/539 802/323/1008 800/12/540
f 899/11/545 898/291/1111 895/12/546
f 452/315/554 450/319/404 449/316/555
f 775/320/559 779/79/1489 778/78/560
f 363/78/297 365/322/449 362/299/441
f 291/13/564 290/12/320 287/78/322
f 370/11/458 369/291/457 366/12/448
f 281/315/314 279/319/1497 278/316/573
f 509/315/574 511/321/670 510/318/575
f 1247/320/589 1251/79/1546 1250/78/590
f 892/78/592 894/322/1104 891/299/593
f 1067/13/598 1066/12/751 1063/78/443
f 409/290/509 406/323/504 404/12/495
f 484/11/603 483/291/633 480/12/604
f 753/315/612 751/319/1445 750/316/613
f 715/315/615 717/321/933 716/318/616
f 303/320/342 307/79/470 306/78/352
f 759/78/622 761/322/971 758/299/623
f 991/13/359 990/12/358 987/78/531
f 1144/290/627 1141/323/1547 1139/12/628
f 294/11/333 293/291/332 290/12/320
f 509/315/574 507/319/576 506/316/635
f 604/315/637 606/321/791 605/318/638
f 382/78/300 384/322/468 381/299/466
f 329/13/454 328/12/381 325/78/383
f 767/290/652 764/323/974 762/12/653
f 804/11/656 803/291/541 800/12/540
f 300/315/344 298/319/710 297/316/664
f 848/315/665 850/321/1053 849/318/666
f 984/320/672 988/79/626 987/78/531
f 1044/78/673 1046/322/1258 1043/299/674
f 447/290/569 444/323/566 442/12/562
f 1051/11/680 1050/291/389 1047/12/388
f 1206/315/687 1204/319/760 1203/316/688
f 284/320/312 288/79/565 287/78/322
f 934/13/696 933/12/938 930/78/378
f 748/290/698 745/323/958 743/12/699
f 446/11/571 445/291/570 442/12/562
f 338/315/408 336/319/866 335/316/708
f 300/315/344 302/321/345 301/318/709
f 379/320/463 383/79/301 382/78/300
f 648/78/715 650/322/851 647/299/716
f 706/13/329 705/12/328 702/78/720
f 390/290/473 387/323/471 385/12/467
f 465/11/723 464/291/1548 461/12/724
f 1000/315/368 998/319/370 997/316/729
f 810/315/731 812/321/1015 811/318/732
f 398/320/484 402/79/1156 401/78/497
f 1155/78/740 1157/322/1549 1154/299/741
f 896/13/547 895/12/546 892/78/592
f 824/290/746 821/323/1024 819/12/747
f 1070/11/750 1069/291/1286 1066/12/751
f 1038/315/756 1036/319/1307 1035/316/757
f 1206/315/687 1208/321/1550 1207/318/759
f 908/320/767 912/79/452 911/78/451
f 344/78/78 346/322/417 343/299/410
f 744/13/771 743/12/699 740/78/376
f 729/290/773 726/323/940 724/12/774
f 842/11/777 841/291/856 838/12/778
f 1225/315/783 1223/319/1168 1222/316/784
f 395/315/486 397/321/487 396/318/786
f 832/320/793 836/79/898 835/78/794
f 629/78/796 631/322/823 628/299/797
f 862/290/800 859/323/1061 857/12/801
f 823/11/804 822/291/748 819/12/747
f 734/315/435 732/319/437 731/316/810
f 1168/315/812 1170/321/1551 1169/318/813
f 588/320/762 592/79/1531 591/78/770
f 1231/78/819 1233/322/1488 1230/299/820
f 1156/79/824 1159/13/1552 1158/12/825
f 333/290/395 330/323/390 328/12/381
f 1143/11/828 1142/291/1380 1139/12/829
f 1019/315/836 1017/319/1268 1016/316/837
f 661/315/839 663/321/870 662/318/840
f 1190/320/845 1194/79/1106 1193/78/846
f 949/78/848 951/322/1155 948/299/849
f 462/13/852 461/12/1553 458/78/853
f 843/290/855 840/323/1041 838/12/778
f 1238/11/858 1237/291/1493 1234/12/859
f 585/315/764 583/319/949 582/316/864
f 338/315/408 340/321/409 339/318/865
f 683/78/324 685/322/897 682/299/872
f 1029/13/427 1028/12/426 1025/78/874
f 1220/290/876 1217/323/1554 1215/12/877
f 1181/11/880 1180/291/1555 1177/12/881
f 528/315/692 526/319/1012 525/316/886
f 886/315/887 888/321/1103 887/318/888
f 794/320/893 798/79/1368 797/78/414
f 854/78/894 856/322/1056 853/299/895
f 839/13/779 838/12/778 835/78/794
f 919/290/899 916/323/1128 914/12/900
f 766/11/903 765/291/654 762/12/653
f 718/320/914 722/79/1193 721/78/347
f 816/78/915 818/322/1019 815/299/916
f 1010/13/919 1009/12/1222 1006/78/920
f 352/290/429 349/323/424 347/12/12
f 389/11/475 388/291/474 385/12/467
f 1057/315/927 1055/319/1335 1054/316/928
f 696/315/911 698/321/912 697/318/930
f 1022/320/934 1026/79/875 1025/78/874
f 702/78/720 704/322/918 701/299/913
f 938/290/937 935/323/1144 933/12/938
f 937/11/941 936/291/939 933/12/938
f 962/315/945 960/319/1136 959/316/946
f 585/315/764 587/321/765 586/318/948
f 927/320/952 931/79/697 930/78/378
f 1193/78/846 1195/322/1450 1192/299/953
f 1121/13/955 1120/12/1404 1117/78/956
f 637/290/832 634/323/827 632/12/822
f 880/11/959 879/291/1556 876/12/960
f 715/315/615 713/319/617 712/316/965
f 531/320/691 535/79/1007 534/78/492
f 873/78/968 875/322/1557 872/299/969
f 557/13/972 556/12/303 553/78/719
f 523/290/683 520/323/679 518/12/676
f 471/315/619 469/319/1290 468/316/977
f 490/315/646 492/321/645 491/318/978
f 626/320/816 630/79/1298 629/78/796
f 968/78/385 970/322/1177 967/299/982
f 367/13/567 366/12/448 363/78/297
f 728/11/943 727/291/775 724/12/774
f 829/315/994 827/319/1198 826/316/995
f 414/315/335 416/321/1558 415/318/997
f 455/320/1002 459/79/1559 458/78/1003
f 477/78/412 479/322/625 476/299/621
f 538/13/1006 537/12/694 534/78/492
f 485/290/632 482/323/630 480/12/604
f 313/11/363 312/291/362 309/12/350
f 528/315/692 530/321/693 529/318/1011
f 1266/320/1016 1270/79/1516 1269/78/1017
f 740/78/376 742/322/954 739/299/951
f 443/13/702 442/12/562 439/78/280
f 881/290/1021 878/323/1560 876/12/1022
f 560/11/727 559/291/304 556/12/303
f 1095/315/1027 1093/319/1116 1092/316/1028
f 1263/315/1030 1265/321/1529 1264/318/1031
f 645/320/843 649/79/1143 648/78/715
f 911/78/451 913/322/1123 910/299/1035
f 1048/13/681 1047/12/388 1044/78/673
f 957/290/1038 954/323/1159 952/12/1039
f 1219/11/1042 1218/291/1561 1215/12/1043
f 886/315/887 884/319/889 883/316/1047
f 547/315/477 549/321/713 548/318/1049
f 1003/320/1054 1007/79/921 1006/78/920
f 515/78/678 517/322/677 514/299/671
f 576/13/307 575/12/306 572/78/744
f 1182/290/1058 1179/323/1562 1177/12/1059
f 975/11/1062 974/291/1158 971/12/1063
f 604/315/637 602/319/639 601/316/1067
f 1149/315/1068 1151/321/1563 1150/318/1069
f 889/320/1081 893/79/745 892/78/592
f 858/13/1085 857/12/801 854/78/894
f 1033/290/1087 1030/323/1249 1028/12/426
f 690/11/906 689/291/274 686/12/273
f 490/315/646 488/319/979 487/316/1098
f 1187/315/1100 1189/321/1446 1188/318/1101
f 607/320/789 611/79/538 610/78/537
f 553/78/719 555/322/718 552/299/714
f 1197/13/1105 1196/12/1146 1193/78/846
f 786/290/990 783/323/987 781/12/984
f 408/11/511 407/291/510 404/12/495
f 1263/315/1030 1261/319/1032 1260/316/1113
f 1095/315/1027 1097/321/1321 1096/318/1115
f 1152/320/1120 1156/79/1564 1155/78/1121
f 572/78/744 574/322/743 571/299/739
f 519/13/1124 518/12/676 515/78/678
f 995/290/1126 992/323/1213 990/12/358
f 956/11/1129 955/291/1040 952/12/1039
f 696/315/911 694/319/931 693/316/1134
f 962/315/945 964/321/1170 963/318/1135
f 946/320/1140 950/79/1451 949/78/848
f 306/78/352 308/322/351 305/299/346
f 652/13/1142 651/12/354 648/78/715
f 710/290/924 707/323/922 705/12/328
f 1200/11/1145 1199/291/1182 1196/12/1146
f 623/315/817 621/319/1457 620/316/1149
f 772/315/460 774/321/980 773/318/1150
f 550/320/711 554/79/973 553/78/719
f 401/78/497 403/322/496 400/299/488
f 405/13/1108 404/12/495 401/78/497
f 976/290/1157 973/323/1183 971/12/1063
f 1257/11/1160 1256/291/1565 1253/12/1161
f 1187/315/1100 1185/319/1102 1184/316/1165
f 1225/315/783 1227/321/1487 1226/318/1167
f 417/320/1171 421/79/1566 420/78/1172
f 1212/78/1174 1214/322/1567 1211/299/1175
f 424/13/1178 423/12/1568 420/78/1179
f 1201/290/1181 1198/323/1452 1196/12/1146
f 674/11/884 673/291/423 670/12/422
f 905/315/1118 903/319/1486 902/316/1186
f 924/315/1138 926/321/1139 925/318/1187
f 1114/320/1189 1118/79/957 1117/78/956
f 420/78/536 422/322/535 419/299/1191
f 725/13/988 724/12/774 721/78/347
f 1277/290/1194 1274/323/1535 1272/12/1195
f 541/11/706 540/291/705 537/12/694
f 829/315/994 831/321/1033 830/318/1197
f 1079/320/1202 1083/79/1313 1082/78/1203
f 1136/78/1205 1138/322/1367 1135/299/1206
f 1235/13/860 1234/12/859 1231/78/819
f 466/290/1210 463/323/1569 461/12/1211
f 747/11/963 746/291/700 743/12/699
f 395/315/486 393/319/787 392/316/1216
f 566/315/737 568/321/738 567/318/1217
f 699/320/909 703/79/721 702/78/720
f 1082/78/1203 1084/322/1296 1081/299/1221
f 877/13/1224 876/12/1570 873/78/1225
f 1163/290/1227 1160/323/1571 1158/12/1228
f 918/11/1132 917/291/901 914/12/900
f 1130/315/1236 1128/319/1320 1127/316/1237
f 1076/315/1239 1078/321/1291 1077/318/1240
f 1098/320/1244 1102/79/500 1101/78/499
f 667/78/419 669/322/873 666/299/871
f 763/13/904 762/12/653 759/78/622
f 428/290/549 425/323/1572 423/12/1248
f 1076/315/1239 1074/319/1241 1073/316/1252
f 981/315/1200 983/321/1201 982/318/1254
f 664/320/868 668/79/420 667/78/419
f 496/78/650 498/322/649 495/299/647
f 500/13/1259 499/12/1573 496/78/1260
f 900/290/1110 897/323/1107 895/12/546
f 785/11/992 784/291/991 781/12/984
f 924/315/1138 922/319/1188 921/316/1266
f 1019/315/836 1021/321/1242 1020/318/1267
f 965/320/1169 969/79/386 968/78/385
f 1025/78/874 1027/322/1246 1024/299/1243
f 1216/13/1278 1215/12/1574 1212/78/1279
f 580/290/753 577/323/749 575/12/306
f 566/315/737 564/319/1218 563/316/1288
f 471/315/619 473/321/620 472/318/1289
f 1171/320/1292 1175/79/1575 1174/78/1293
f 591/78/770 593/322/769 590/299/766
f 633/13/1297 632/12/822 629/78/796
f 618/290/807 615/323/803 613/12/392
f 655/11/862 654/291/355 651/12/354
f 357/315/439 355/319/516 354/316/1305
f 1038/315/756 1040/321/1257 1039/318/1306
f 1228/320/1308 1232/79/1209 1231/78/819
f 1250/78/1309 1252/322/1576 1249/299/1310
f 1086/13/1312 1085/12/1295 1082/78/1203
f 1109/290/1314 1106/323/1327 1104/12/1315
f 598/11/781 597/291/503 594/12/502
f 848/315/665 846/319/667 845/316/1318
f 1130/315/1236 1132/321/1359 1131/318/1319
f 1041/320/1256 1045/79/1037 1044/78/673
f 1269/78/1017 1271/322/1530 1268/299/1323
f 1140/13/830 1139/12/829 1136/78/1325
f 1071/290/1285 1068/323/1577 1066/12/751
f 1276/11/1328 1275/291/1196 1272/12/1195
f 981/315/1200 979/319/1255 978/316/1333
f 1057/315/927 1059/321/1271 1058/318/1334
f 512/320/668 516/79/1125 515/78/678
f 1006/78/920 1008/322/1223 1005/299/1220
f 481/13/605 480/12/604 477/78/412
f 1090/290/1301 1087/323/1299 1085/12/1295
f 1089/11/1303 1088/291/1302 1085/12/1295
f 791/315/1000 793/321/1001 792/318/1355
f 756/320/966 760/79/1247 759/78/622
f 1117/78/1363 1119/322/1578 1116/299/1364
f 801/13/657 800/12/540 797/78/414
f 1258/290/1369 1255/323/1517 1253/12/1370
f 503/11/1375 502/291/1579 499/12/1376
f 642/315/480 640/319/482 639/316/1382
f 376/315/365 378/321/465 377/318/1383
f 322/320/371 326/79/651 325/78/383
f 325/78/383 327/322/382 324/299/374
f 820/13/805 819/12/747 816/78/915
f 1124/11/1353 1123/291/1352 1120/12/1404
f 810/315/731 808/319/733 807/316/1411
f 943/315/1153 945/321/1154 944/318/1412
f 436/320/557 440/79/1020 439/78/280
f 610/78/537 612/322/799 609/299/792
f 1254/13/1429 1253/12/1580 1250/78/1430
f 504/290/659 501/323/655 499/12/648
f 1108/11/1331 1107/291/1316 1104/12/1315
f 1149/315/1441 1147/319/1581 1146/316/1442
f 753/315/612 755/321/967 754/318/1444
f 813/320/1014 817/79/1400 816/78/915
f 1063/78/1447 1065/322/1582 1062/299/1448
f 953/13/1130 952/12/1039 949/78/848
f 542/290/704 539/323/701 537/12/694
f 1013/11/1234 1012/291/1233 1009/12/1222
f 791/315/1000 789/319/1356 788/316/1455
f 623/315/817 625/321/818 624/318/1456
f 871/300/1466 870/320/1583 874/79/1467
f 835/78/794 837/322/1036 834/299/1034
f 1178/13/1472 1177/12/1584 1174/78/1473
f 314/290/361 311/323/356 309/12/350
f 861/11/1065 860/291/802 857/12/801
f 661/315/839 659/319/841 658/316/1484
f 905/315/1118 907/321/1119 906/318/1485
f 1101/78/499 1103/322/1324 1100/299/1322
f 782/13/1263 781/12/984 778/78/560
f 1014/290/1232 1011/323/1230 1009/12/1222
f 636/11/834 635/291/833 632/12/822
f 867/315/1074 865/319/1585 864/316/1495
f 281/315/314 283/321/315 282/318/1496
f 1133/320/1357 1137/79/1326 1136/78/1325
f 1174/78/1510 1176/322/1586 1173/299/1511
f 1273/13/1329 1272/12/1195 1269/78/1017
f 1239/290/1492 1236/323/1490 1234/12/859
f 427/11/552 426/291/551 423/12/1519
f 943/315/1153 941/319/1413 940/316/1525
f 1244/315/1526 1246/321/1587 1245/318/1527
f 851/320/1052 855/79/1086 854/78/894
f 778/78/560 780/322/985 777/299/981
f 595/13/1317 594/12/502 591/78/770
f 1125/290/1532 1122/323/1588 1120/12/1533
f 522/11/685 521/291/684 518/12/676
f 569/320/735 573/79/1057 572/78/744
